0,1.000000,22.080000,11.460000,2.000000,4.000000,4.000000,1.585000,0.000000,0.000000,0.000000,1.000000,2.000000,100.000000,1213.000000
0,0.000000,22.670000,7.000000,2.000000,8.000000,4.000000,0.165000,0.000000,0.000000,0.000000,0.000000,2.000000,160.000000,1.000000
0,0.000000,29.580000,1.750000,1.000000,4.000000,4.000000,1.250000,0.000000,0.000000,0.000000,1.000000,2.000000,280.000000,1.000000
+1,0.000000,21.670000,11.500000,1.000000,5.000000,3.000000,0.000000,1.000000,1.000000,11.000000,1.000000,2.000000,0.000000,1.000000
+1,1.000000,20.170000,8.170000,2.000000,6.000000,4.000000,1.960000,1.000000,1.000000,14.000000,0.000000,2.000000,60.000000,159.000000
+1,0.000000,15.830000,0.585000,2.000000,8.000000,8.000000,1.500000,1.000000,1.000000,2.000000,0.000000,2.000000,100.000000,1.000000
0,1.000000,17.420000,6.500000,2.000000,3.000000,4.000000,0.125000,0.000000,0.000000,0.000000,0.000000,2.000000,60.000000,101.000000
+1,0.000000,58.669998,4.460000,2.000000,11.000000,8.000000,3.040000,1.000000,1.000000,6.000000,0.000000,2.000000,43.000000,561.000000
0,1.000000,27.830000,1.000000,1.000000,2.000000,8.000000,3.000000,0.000000,0.000000,0.000000,0.000000,2.000000,176.000000,538.000000
0,0.000000,55.750000,7.080000,2.000000,4.000000,8.000000,6.750000,1.000000,1.000000,3.000000,1.000000,2.000000,100.000000,51.000000
+1,1.000000,33.500000,1.750000,2.000000,14.000000,8.000000,4.500000,1.000000,1.000000,4.000000,1.000000,2.000000,253.000000,858.000000
+1,1.000000,41.419998,5.000000,2.000000,11.000000,8.000000,5.000000,1.000000,1.000000,6.000000,1.000000,2.000000,470.000000,1.000000
0,1.000000,20.670000,1.250000,1.000000,8.000000,8.000000,1.375000,1.000000,1.000000,3.000000,1.000000,2.000000,140.000000,211.000000
+1,1.000000,34.919998,5.000000,2.000000,14.000000,8.000000,7.500000,1.000000,1.000000,6.000000,1.000000,2.000000,0.000000,1001.000000
0,1.000000,58.580002,2.710000,2.000000,8.000000,4.000000,2.415000,0.000000,0.000000,0.000000,1.000000,2.000000,320.000000,1.000000
+1,1.000000,48.080002,6.040000,2.000000,4.000000,4.000000,0.040000,0.000000,0.000000,0.000000,0.000000,2.000000,0.000000,2691.000000
+1,1.000000,29.580000,4.500000,2.000000,9.000000,4.000000,7.500000,1.000000,1.000000,2.000000,1.000000,2.000000,330.000000,1.000000
+1,0.000000,18.920000,9.000000,2.000000,6.000000,4.000000,0.750000,1.000000,1.000000,2.000000,0.000000,2.000000,88.000000,592.000000
0,1.000000,20.000000,1.250000,1.000000,4.000000,4.000000,0.125000,0.000000,0.000000,0.000000,0.000000,2.000000,140.000000,5.000000
+1,0.000000,22.420000,5.665000,2.000000,11.000000,4.000000,2.585000,1.000000,1.000000,7.000000,0.000000,2.000000,129.000000,3258.000000
0,0.000000,28.170000,0.585000,2.000000,6.000000,4.000000,0.040000,0.000000,0.000000,0.000000,0.000000,2.000000,260.000000,1005.000000
0,0.000000,19.170000,0.585000,1.000000,6.000000,4.000000,0.585000,1.000000,0.000000,0.000000,1.000000,2.000000,160.000000,1.000000
0,1.000000,41.169998,1.335000,2.000000,2.000000,4.000000,0.165000,0.000000,0.000000,0.000000,0.000000,2.000000,168.000000,1.000000
0,1.000000,41.580002,1.750000,2.000000,4.000000,4.000000,0.210000,1.000000,0.000000,0.000000,0.000000,2.000000,160.000000,1.000000
0,1.000000,19.500000,9.585000,2.000000,6.000000,4.000000,0.790000,0.000000,0.000000,0.000000,0.000000,2.000000,80.000000,351.000000
+1,1.000000,32.750000,1.500000,2.000000,13.000000,8.000000,5.500000,1.000000,1.000000,3.000000,1.000000,2.000000,0.000000,1.000000
0,1.000000,22.500000,0.125000,1.000000,4.000000,4.000000,0.125000,0.000000,0.000000,0.000000,0.000000,2.000000,200.000000,71.000000
+1,1.000000,33.169998,3.040000,1.000000,8.000000,8.000000,2.040000,1.000000,1.000000,1.000000,1.000000,2.000000,180.000000,18028.000000
+1,0.000000,30.670000,12.000000,2.000000,8.000000,4.000000,2.000000,1.000000,1.000000,1.000000,0.000000,2.000000,220.000000,20.000000
+1,1.000000,23.080000,2.500000,2.000000,8.000000,4.000000,1.085000,1.000000,1.000000,11.000000,1.000000,2.000000,60.000000,2185.000000
+1,1.000000,27.000000,0.750000,2.000000,8.000000,8.000000,4.250000,1.000000,1.000000,3.000000,1.000000,2.000000,312.000000,151.000000
0,0.000000,20.420000,10.500000,1.000000,14.000000,8.000000,0.000000,0.000000,0.000000,0.000000,1.000000,2.000000,154.000000,33.000000
0,1.000000,52.330002,1.375000,1.000000,8.000000,8.000000,9.460000,1.000000,0.000000,0.000000,1.000000,2.000000,200.000000,101.000000
+1,1.000000,23.080000,11.500000,2.000000,9.000000,8.000000,2.125000,1.000000,1.000000,11.000000,1.000000,2.000000,290.000000,285.000000
0,1.000000,42.830002,1.250000,2.000000,7.000000,4.000000,13.875000,0.000000,1.000000,1.000000,1.000000,2.000000,352.000000,113.000000
0,1.000000,74.830002,19.000000,1.000000,1.000000,1.000000,0.040000,0.000000,1.000000,2.000000,0.000000,2.000000,0.000000,352.000000
+1,1.000000,25.000000,12.500000,2.000000,6.000000,4.000000,3.000000,1.000000,0.000000,0.000000,1.000000,1.000000,20.000000,1.000000
+1,1.000000,39.580002,13.915000,2.000000,9.000000,4.000000,8.625000,1.000000,1.000000,6.000000,1.000000,2.000000,70.000000,1.000000
+1,0.000000,47.750000,8.000000,2.000000,8.000000,4.000000,7.875000,1.000000,1.000000,6.000000,1.000000,2.000000,0.000000,1261.000000
+1,0.000000,47.419998,3.000000,2.000000,14.000000,4.000000,13.875000,1.000000,1.000000,2.000000,1.000000,2.000000,519.000000,1705.000000
+1,1.000000,23.170000,0.000000,2.000000,13.000000,4.000000,0.085000,1.000000,0.000000,0.000000,0.000000,2.000000,0.000000,1.000000
0,1.000000,22.580000,1.500000,1.000000,6.000000,4.000000,0.540000,0.000000,0.000000,0.000000,1.000000,2.000000,120.000000,68.000000
+1,1.000000,26.750000,1.125000,2.000000,14.000000,8.000000,1.250000,1.000000,0.000000,0.000000,0.000000,2.000000,0.000000,5299.000000
0,1.000000,63.330002,0.540000,2.000000,8.000000,4.000000,0.585000,1.000000,1.000000,3.000000,1.000000,2.000000,180.000000,1.000000
0,1.000000,23.750000,0.415000,1.000000,8.000000,4.000000,0.040000,0.000000,1.000000,2.000000,0.000000,2.000000,128.000000,7.000000
+1,0.000000,20.750000,10.250000,2.000000,11.000000,4.000000,0.710000,1.000000,1.000000,2.000000,1.000000,2.000000,49.000000,1.000000
0,0.000000,24.500000,1.750000,1.000000,8.000000,4.000000,0.165000,0.000000,0.000000,0.000000,0.000000,2.000000,132.000000,1.000000
+1,1.000000,16.170000,0.040000,2.000000,8.000000,4.000000,0.040000,0.000000,0.000000,0.000000,0.000000,2.000000,0.000000,1.000000
0,0.000000,29.500000,2.000000,1.000000,10.000000,8.000000,2.000000,0.000000,0.000000,0.000000,0.000000,2.000000,256.000000,18.000000
+1,0.000000,52.830002,15.000000,2.000000,8.000000,4.000000,5.500000,1.000000,1.000000,14.000000,0.000000,2.000000,0.000000,2201.000000
0,1.000000,32.330002,3.500000,2.000000,4.000000,4.000000,0.500000,0.000000,0.000000,0.000000,1.000000,2.000000,232.000000,1.000000
0,1.000000,21.080000,4.125000,1.000000,3.000000,8.000000,0.040000,0.000000,0.000000,0.000000,0.000000,2.000000,140.000000,101.000000
0,1.000000,28.170000,0.125000,1.000000,4.000000,4.000000,0.085000,0.000000,0.000000,0.000000,0.000000,2.000000,216.000000,2101.000000
0,1.000000,19.000000,1.750000,1.000000,8.000000,4.000000,2.335000,0.000000,0.000000,0.000000,1.000000,2.000000,112.000000,7.000000
0,1.000000,27.580000,3.250000,1.000000,11.000000,8.000000,5.085000,0.000000,1.000000,2.000000,1.000000,2.000000,369.000000,2.000000
+1,1.000000,27.830000,1.500000,2.000000,9.000000,4.000000,2.000000,1.000000,1.000000,11.000000,1.000000,2.000000,434.000000,36.000000
+1,1.000000,40.000000,6.500000,2.000000,6.000000,5.000000,3.500000,1.000000,1.000000,1.000000,0.000000,2.000000,0.000000,501.000000
0,0.000000,37.330002,2.500000,2.000000,3.000000,8.000000,0.210000,0.000000,0.000000,0.000000,0.000000,2.000000,260.000000,247.000000
+1,1.000000,42.500000,4.915000,1.000000,9.000000,4.000000,3.165000,1.000000,0.000000,0.000000,1.000000,2.000000,52.000000,1443.000000
+1,1.000000,56.750000,12.250000,2.000000,7.000000,4.000000,1.250000,1.000000,1.000000,4.000000,1.000000,2.000000,200.000000,1.000000
0,1.000000,43.169998,5.000000,2.000000,3.000000,5.000000,2.250000,0.000000,0.000000,0.000000,1.000000,2.000000,141.000000,1.000000
0,0.000000,23.750000,0.710000,2.000000,9.000000,4.000000,0.250000,0.000000,1.000000,1.000000,1.000000,2.000000,240.000000,5.000000
+1,1.000000,18.500000,2.000000,2.000000,3.000000,4.000000,1.500000,1.000000,1.000000,2.000000,0.000000,2.000000,120.000000,301.000000
0,0.000000,40.830002,3.500000,2.000000,3.000000,5.000000,0.500000,0.000000,0.000000,0.000000,0.000000,1.000000,1160.000000,1.000000
+1,0.000000,24.500000,0.500000,2.000000,11.000000,8.000000,1.500000,1.000000,0.000000,0.000000,0.000000,2.000000,280.000000,825.000000
+1,1.000000,42.000000,9.790000,2.000000,14.000000,8.000000,7.960000,1.000000,1.000000,8.000000,0.000000,2.000000,0.000000,1.000000
0,0.000000,19.500000,0.165000,2.000000,11.000000,4.000000,0.040000,0.000000,0.000000,0.000000,1.000000,2.000000,380.000000,1.000000
0,1.000000,21.500000,11.500000,2.000000,3.000000,4.000000,0.500000,1.000000,0.000000,0.000000,1.000000,2.000000,100.000000,69.000000
0,1.000000,31.250000,2.835000,2.000000,1.000000,1.000000,0.000000,0.000000,1.000000,5.000000,0.000000,2.000000,176.000000,147.000000
+1,1.000000,27.250000,1.585000,2.000000,13.000000,8.000000,1.835000,1.000000,1.000000,12.000000,1.000000,2.000000,583.000000,714.000000
0,1.000000,48.750000,26.334999,1.000000,1.000000,1.000000,0.000000,1.000000,0.000000,0.000000,1.000000,2.000000,0.000000,1.000000
0,0.000000,30.420000,1.375000,2.000000,9.000000,8.000000,0.040000,0.000000,1.000000,3.000000,0.000000,2.000000,0.000000,34.000000
0,1.000000,29.420000,1.250000,2.000000,9.000000,4.000000,1.750000,0.000000,0.000000,0.000000,0.000000,2.000000,200.000000,1.000000
+1,1.000000,28.250000,5.040000,1.000000,8.000000,5.000000,1.500000,1.000000,1.000000,8.000000,1.000000,2.000000,144.000000,8.000000
+1,1.000000,40.250000,21.500000,2.000000,10.000000,9.000000,20.000000,1.000000,1.000000,11.000000,0.000000,2.000000,0.000000,1201.000000
0,1.000000,36.500000,4.250000,2.000000,11.000000,4.000000,3.500000,0.000000,0.000000,0.000000,0.000000,2.000000,454.000000,51.000000
0,1.000000,25.580000,0.335000,2.000000,4.000000,8.000000,3.500000,0.000000,0.000000,0.000000,1.000000,2.000000,340.000000,1.000000
0,1.000000,29.830000,3.500000,2.000000,8.000000,4.000000,0.165000,0.000000,0.000000,0.000000,0.000000,2.000000,216.000000,1.000000
0,1.000000,23.080000,0.000000,2.000000,4.000000,4.000000,1.000000,0.000000,1.000000,11.000000,0.000000,1.000000,0.000000,1.000000
+1,0.000000,32.169998,1.460000,2.000000,9.000000,4.000000,1.085000,1.000000,1.000000,16.000000,0.000000,2.000000,120.000000,2080.000000
+1,1.000000,25.170000,3.500000,2.000000,13.000000,4.000000,0.625000,1.000000,1.000000,7.000000,0.000000,2.000000,0.000000,7060.000000
0,0.000000,35.169998,3.750000,2.000000,1.000000,1.000000,0.000000,0.000000,1.000000,6.000000,0.000000,2.000000,0.000000,201.000000
0,0.000000,18.580000,10.000000,2.000000,2.000000,4.000000,0.415000,0.000000,0.000000,0.000000,0.000000,2.000000,80.000000,43.000000
0,1.000000,39.919998,5.000000,2.000000,3.000000,5.000000,0.210000,0.000000,0.000000,0.000000,0.000000,2.000000,550.000000,1.000000
0,1.000000,23.420000,1.000000,2.000000,8.000000,4.000000,0.500000,0.000000,0.000000,0.000000,1.000000,1.000000,280.000000,1.000000
+1,1.000000,37.580002,0.000000,2.000000,8.000000,4.000000,0.000000,0.000000,0.000000,0.000000,0.000000,3.000000,184.000000,1.000000
0,0.000000,24.750000,13.665000,2.000000,11.000000,8.000000,1.500000,0.000000,0.000000,0.000000,0.000000,2.000000,280.000000,2.000000
+1,0.000000,47.000000,13.000000,2.000000,3.000000,5.000000,5.165000,1.000000,1.000000,9.000000,1.000000,2.000000,0.000000,1.000000
+1,1.000000,34.169998,5.250000,2.000000,9.000000,4.000000,0.085000,0.000000,0.000000,0.000000,1.000000,2.000000,290.000000,7.000000
0,1.000000,22.170000,0.585000,1.000000,1.000000,1.000000,0.000000,0.000000,0.000000,0.000000,0.000000,2.000000,100.000000,1.000000
0,1.000000,27.750000,1.290000,2.000000,4.000000,8.000000,0.250000,0.000000,0.000000,0.000000,1.000000,1.000000,140.000000,1.000000
0,1.000000,42.750000,4.085000,2.000000,6.000000,4.000000,0.040000,0.000000,0.000000,0.000000,0.000000,2.000000,108.000000,101.000000
0,1.000000,28.670000,14.500000,2.000000,2.000000,4.000000,0.125000,0.000000,0.000000,0.000000,0.000000,2.000000,0.000000,287.000000
+1,1.000000,36.250000,5.000000,2.000000,8.000000,5.000000,2.500000,1.000000,1.000000,6.000000,0.000000,2.000000,0.000000,368.000000
0,0.000000,18.170000,10.000000,1.000000,11.000000,8.000000,0.165000,0.000000,0.000000,0.000000,0.000000,2.000000,340.000000,1.000000
+1,1.000000,21.250000,1.500000,2.000000,9.000000,4.000000,1.500000,0.000000,0.000000,0.000000,0.000000,2.000000,150.000000,9.000000
0,0.000000,38.919998,1.665000,2.000000,6.000000,4.000000,0.250000,0.000000,0.000000,0.000000,0.000000,2.000000,0.000000,391.000000
0,1.000000,31.830000,0.040000,1.000000,7.000000,4.000000,0.040000,0.000000,0.000000,0.000000,0.000000,2.000000,0.000000,1.000000
0,0.000000,17.330000,9.500000,2.000000,6.000000,4.000000,1.750000,0.000000,1.000000,10.000000,1.000000,2.000000,0.000000,11.000000
+1,0.000000,20.420000,0.835000,2.000000,11.000000,4.000000,1.585000,1.000000,1.000000,1.000000,0.000000,2.000000,0.000000,1.000000
0,0.000000,39.080002,4.000000,2.000000,8.000000,4.000000,3.000000,0.000000,0.000000,0.000000,0.000000,2.000000,480.000000,1.000000
+1,1.000000,38.669998,0.210000,2.000000,4.000000,4.000000,0.085000,1.000000,0.000000,0.000000,1.000000,2.000000,280.000000,1.000000
+1,1.000000,27.670000,13.750000,2.000000,9.000000,4.000000,5.750000,1.000000,0.000000,0.000000,1.000000,2.000000,487.000000,501.000000
+1,1.000000,27.750000,0.585000,1.000000,13.000000,4.000000,0.250000,1.000000,1.000000,2.000000,0.000000,2.000000,260.000000,501.000000
0,1.000000,19.000000,0.000000,1.000000,1.000000,1.000000,0.000000,0.000000,1.000000,4.000000,0.000000,2.000000,45.000000,2.000000
+1,0.000000,25.000000,0.875000,2.000000,14.000000,8.000000,1.040000,1.000000,0.000000,0.000000,1.000000,2.000000,160.000000,5861.000000
+1,1.000000,27.670000,2.000000,2.000000,14.000000,8.000000,1.000000,1.000000,1.000000,4.000000,0.000000,2.000000,140.000000,7545.000000
0,1.000000,22.250000,9.000000,2.000000,6.000000,4.000000,0.085000,0.000000,0.000000,0.000000,0.000000,2.000000,0.000000,1.000000
+1,0.000000,49.830002,13.585000,2.000000,4.000000,8.000000,8.500000,1.000000,0.000000,0.000000,1.000000,2.000000,0.000000,1.000000
0,1.000000,32.330002,2.500000,2.000000,8.000000,4.000000,1.250000,0.000000,0.000000,0.000000,1.000000,2.000000,280.000000,1.000000
0,1.000000,38.250000,10.125000,1.000000,4.000000,4.000000,0.125000,0.000000,0.000000,0.000000,0.000000,2.000000,160.000000,1.000000
0,1.000000,47.330002,6.500000,2.000000,8.000000,4.000000,1.000000,0.000000,0.000000,0.000000,1.000000,2.000000,0.000000,229.000000
0,1.000000,27.830000,4.000000,1.000000,3.000000,8.000000,5.750000,1.000000,1.000000,2.000000,1.000000,2.000000,75.000000,1.000000
+1,0.000000,35.750000,0.915000,2.000000,6.000000,4.000000,0.750000,1.000000,1.000000,4.000000,0.000000,2.000000,0.000000,1584.000000
0,1.000000,33.580002,0.250000,2.000000,3.000000,5.000000,4.000000,0.000000,0.000000,0.000000,1.000000,1.000000,420.000000,1.000000
+1,1.000000,34.080002,0.080000,1.000000,7.000000,5.000000,0.040000,1.000000,1.000000,1.000000,1.000000,2.000000,280.000000,2001.000000
+1,0.000000,20.750000,10.335000,2.000000,13.000000,8.000000,0.335000,1.000000,1.000000,1.000000,1.000000,2.000000,80.000000,51.000000
+1,1.000000,33.169998,1.000000,2.000000,14.000000,4.000000,0.750000,1.000000,1.000000,7.000000,1.000000,2.000000,340.000000,4072.000000
+1,1.000000,22.750000,11.000000,2.000000,11.000000,4.000000,2.500000,1.000000,1.000000,7.000000,1.000000,2.000000,100.000000,810.000000
+1,1.000000,48.750000,8.500000,2.000000,8.000000,8.000000,12.500000,1.000000,1.000000,9.000000,0.000000,2.000000,181.000000,1656.000000
+1,1.000000,40.580002,5.000000,2.000000,8.000000,4.000000,5.000000,1.000000,1.000000,7.000000,0.000000,2.000000,0.000000,3066.000000
0,1.000000,20.670000,0.835000,1.000000,8.000000,4.000000,2.000000,0.000000,0.000000,0.000000,1.000000,1.000000,240.000000,1.000000
0,0.000000,38.750000,1.500000,2.000000,1.000000,1.000000,0.000000,0.000000,0.000000,0.000000,0.000000,2.000000,76.000000,1.000000
+1,0.000000,57.080002,19.500000,2.000000,8.000000,4.000000,5.500000,1.000000,1.000000,7.000000,0.000000,2.000000,0.000000,3001.000000
+1,0.000000,31.250000,3.750000,2.000000,13.000000,8.000000,0.625000,1.000000,1.000000,9.000000,1.000000,2.000000,181.000000,1.000000
0,1.000000,22.000000,0.790000,2.000000,9.000000,4.000000,0.290000,0.000000,1.000000,1.000000,0.000000,2.000000,420.000000,284.000000
+1,0.000000,58.330002,10.000000,2.000000,11.000000,4.000000,4.000000,1.000000,1.000000,14.000000,0.000000,2.000000,0.000000,1603.000000
0,1.000000,28.920000,0.375000,2.000000,8.000000,4.000000,0.290000,0.000000,0.000000,0.000000,0.000000,2.000000,220.000000,141.000000
+1,0.000000,46.000000,4.000000,2.000000,5.000000,3.000000,0.000000,1.000000,0.000000,0.000000,0.000000,2.000000,100.000000,961.000000
+1,1.000000,21.000000,3.000000,1.000000,2.000000,4.000000,1.085000,1.000000,1.000000,8.000000,1.000000,2.000000,160.000000,2.000000
+1,0.000000,24.750000,12.500000,2.000000,6.000000,4.000000,1.500000,1.000000,1.000000,12.000000,1.000000,2.000000,120.000000,568.000000
0,0.000000,20.830000,0.500000,1.000000,10.000000,2.000000,1.000000,0.000000,0.000000,0.000000,0.000000,2.000000,260.000000,1.000000
0,1.000000,24.580000,13.500000,1.000000,1.000000,1.000000,0.000000,0.000000,0.000000,0.000000,0.000000,2.000000,184.000000,1.000000
0,0.000000,26.500000,2.710000,1.000000,8.000000,4.000000,0.085000,0.000000,0.000000,0.000000,0.000000,1.000000,80.000000,1.000000
0,1.000000,40.919998,0.835000,2.000000,1.000000,1.000000,0.000000,1.000000,0.000000,0.000000,0.000000,2.000000,130.000000,2.000000
0,0.000000,38.330002,4.415000,2.000000,8.000000,4.000000,0.125000,0.000000,0.000000,0.000000,0.000000,2.000000,160.000000,1.000000
0,1.000000,19.580000,0.585000,2.000000,1.000000,1.000000,0.000000,0.000000,1.000000,3.000000,0.000000,2.000000,350.000000,770.000000
+1,1.000000,39.250000,9.500000,2.000000,7.000000,4.000000,6.500000,1.000000,1.000000,14.000000,0.000000,2.000000,240.000000,4608.000000
+1,1.000000,25.750000,0.500000,2.000000,8.000000,4.000000,1.460000,1.000000,1.000000,5.000000,1.000000,2.000000,312.000000,1.000000
+1,0.000000,46.080002,3.000000,2.000000,8.000000,4.000000,2.375000,1.000000,1.000000,8.000000,1.000000,2.000000,396.000000,4160.000000
0,1.000000,19.670000,10.000000,1.000000,4.000000,8.000000,0.835000,1.000000,0.000000,0.000000,1.000000,2.000000,140.000000,1.000000
0,0.000000,22.250000,1.250000,1.000000,1.000000,1.000000,3.250000,0.000000,0.000000,0.000000,0.000000,2.000000,280.000000,1.000000
0,1.000000,18.830000,3.540000,1.000000,1.000000,1.000000,0.000000,0.000000,0.000000,0.000000,1.000000,2.000000,180.000000,2.000000
+1,1.000000,64.080002,20.000000,2.000000,14.000000,8.000000,17.500000,1.000000,1.000000,9.000000,1.000000,2.000000,0.000000,1001.000000
0,0.000000,16.500000,1.250000,2.000000,11.000000,4.000000,0.250000,0.000000,1.000000,1.000000,0.000000,2.000000,108.000000,99.000000
+1,0.000000,68.669998,15.000000,2.000000,10.000000,9.000000,0.000000,1.000000,1.000000,14.000000,0.000000,2.000000,0.000000,3377.000000
+1,1.000000,76.750000,22.290001,2.000000,10.000000,9.000000,12.750000,1.000000,1.000000,1.000000,1.000000,2.000000,0.000000,110.000000
0,0.000000,15.920000,2.875000,2.000000,11.000000,4.000000,0.085000,0.000000,0.000000,0.000000,0.000000,2.000000,120.000000,1.000000
0,1.000000,34.830002,4.000000,2.000000,2.000000,5.000000,12.500000,1.000000,0.000000,0.000000,1.000000,2.000000,184.000000,1.000000
+1,0.000000,47.419998,8.000000,2.000000,10.000000,5.000000,6.500000,1.000000,1.000000,6.000000,0.000000,2.000000,375.000000,51101.000000
+1,1.000000,23.170000,0.000000,2.000000,8.000000,4.000000,0.000000,0.000000,0.000000,0.000000,0.000000,3.000000,184.000000,1.000000
0,1.000000,45.169998,1.500000,2.000000,8.000000,4.000000,2.500000,1.000000,0.000000,0.000000,1.000000,2.000000,140.000000,1.000000
0,1.000000,15.170000,7.000000,2.000000,10.000000,4.000000,1.000000,0.000000,0.000000,0.000000,0.000000,2.000000,600.000000,1.000000
0,1.000000,18.830000,0.415000,1.000000,8.000000,4.000000,0.165000,0.000000,1.000000,1.000000,0.000000,2.000000,200.000000,2.000000
+1,1.000000,52.500000,6.500000,2.000000,4.000000,4.000000,6.290000,1.000000,1.000000,15.000000,0.000000,2.000000,0.000000,11203.000000
+1,1.000000,19.170000,0.000000,1.000000,7.000000,5.000000,0.000000,0.000000,0.000000,0.000000,1.000000,1.000000,500.000000,2.000000
+1,1.000000,18.000000,0.165000,2.000000,11.000000,7.000000,0.210000,0.000000,0.000000,0.000000,0.000000,2.000000,200.000000,41.000000
0,1.000000,37.500000,0.835000,2.000000,10.000000,4.000000,0.040000,0.000000,0.000000,0.000000,0.000000,2.000000,120.000000,6.000000
+1,1.000000,22.670000,1.585000,1.000000,9.000000,4.000000,3.085000,1.000000,1.000000,6.000000,0.000000,2.000000,80.000000,1.000000
0,1.000000,47.830002,4.165000,2.000000,14.000000,5.000000,0.085000,0.000000,0.000000,0.000000,1.000000,2.000000,520.000000,1.000000
0,1.000000,34.080002,2.500000,2.000000,8.000000,4.000000,1.000000,0.000000,0.000000,0.000000,0.000000,2.000000,460.000000,17.000000
0,0.000000,33.080002,1.625000,2.000000,2.000000,4.000000,0.540000,0.000000,0.000000,0.000000,1.000000,2.000000,0.000000,1.000000
+1,1.000000,43.080002,0.375000,1.000000,8.000000,4.000000,0.375000,1.000000,1.000000,8.000000,1.000000,2.000000,300.000000,163.000000
+1,1.000000,34.500000,4.040000,1.000000,3.000000,5.000000,8.500000,1.000000,1.000000,7.000000,1.000000,2.000000,195.000000,1.000000
0,1.000000,42.750000,3.000000,2.000000,3.000000,5.000000,1.000000,1.000000,0.000000,0.000000,0.000000,2.000000,0.000000,201.000000
0,1.000000,18.250000,0.165000,2.000000,2.000000,4.000000,0.250000,0.000000,0.000000,0.000000,1.000000,1.000000,280.000000,1.000000
0,1.000000,23.080000,2.500000,2.000000,1.000000,1.000000,0.085000,0.000000,0.000000,0.000000,1.000000,2.000000,100.000000,4209.000000
+1,0.000000,22.500000,8.460000,1.000000,14.000000,4.000000,2.460000,0.000000,0.000000,0.000000,0.000000,2.000000,164.000000,1.000000
0,1.000000,17.920000,0.205000,2.000000,6.000000,4.000000,0.040000,0.000000,0.000000,0.000000,0.000000,2.000000,280.000000,751.000000
0,1.000000,18.420000,10.415000,1.000000,6.000000,4.000000,0.125000,1.000000,0.000000,0.000000,0.000000,2.000000,120.000000,376.000000
0,0.000000,27.670000,1.500000,2.000000,7.000000,4.000000,2.000000,1.000000,0.000000,0.000000,0.000000,1.000000,368.000000,1.000000
+1,0.000000,18.920000,9.250000,1.000000,8.000000,4.000000,1.000000,1.000000,1.000000,4.000000,1.000000,2.000000,80.000000,501.000000
0,1.000000,22.670000,0.750000,2.000000,3.000000,4.000000,1.585000,0.000000,1.000000,1.000000,1.000000,2.000000,400.000000,10.000000
0,1.000000,62.500000,12.750000,1.000000,8.000000,8.000000,5.000000,1.000000,0.000000,0.000000,0.000000,2.000000,112.000000,1.000000
+1,0.000000,23.500000,9.000000,2.000000,11.000000,4.000000,8.500000,1.000000,1.000000,5.000000,1.000000,2.000000,120.000000,1.000000
0,1.000000,35.250000,3.165000,2.000000,14.000000,8.000000,3.750000,1.000000,0.000000,0.000000,1.000000,2.000000,680.000000,1.000000
0,0.000000,56.830002,4.250000,1.000000,1.000000,1.000000,5.000000,0.000000,0.000000,0.000000,1.000000,2.000000,0.000000,5.000000
0,0.000000,53.330002,0.165000,2.000000,1.000000,1.000000,0.000000,0.000000,0.000000,0.000000,1.000000,1.000000,62.000000,28.000000
+1,1.000000,41.169998,4.040000,2.000000,13.000000,8.000000,7.000000,1.000000,1.000000,8.000000,0.000000,2.000000,320.000000,1.000000
+1,1.000000,42.169998,5.040000,2.000000,11.000000,8.000000,12.750000,1.000000,0.000000,0.000000,1.000000,2.000000,92.000000,1.000000
0,1.000000,41.169998,1.250000,1.000000,9.000000,4.000000,0.250000,0.000000,0.000000,0.000000,0.000000,2.000000,0.000000,196.000000
0,0.000000,33.750000,0.750000,2.000000,4.000000,5.000000,1.000000,1.000000,1.000000,3.000000,1.000000,2.000000,212.000000,1.000000
+1,1.000000,25.670000,12.500000,2.000000,13.000000,4.000000,1.210000,1.000000,1.000000,67.000000,1.000000,2.000000,140.000000,259.000000
+1,1.000000,24.330000,6.625000,1.000000,2.000000,4.000000,5.500000,1.000000,0.000000,0.000000,1.000000,1.000000,100.000000,1.000000
+1,1.000000,23.330000,11.625000,1.000000,9.000000,4.000000,0.835000,1.000000,0.000000,0.000000,1.000000,2.000000,160.000000,301.000000
0,1.000000,30.670000,2.500000,2.000000,13.000000,8.000000,2.250000,0.000000,0.000000,0.000000,1.000000,1.000000,340.000000,1.000000
0,1.000000,37.169998,4.000000,2.000000,8.000000,5.000000,5.000000,1.000000,0.000000,0.000000,1.000000,1.000000,280.000000,1.000000
0,1.000000,26.250000,1.540000,2.000000,9.000000,4.000000,0.125000,0.000000,0.000000,0.000000,0.000000,2.000000,100.000000,1.000000
0,0.000000,29.750000,0.665000,2.000000,9.000000,4.000000,0.250000,0.000000,0.000000,0.000000,1.000000,2.000000,300.000000,1.000000
0,0.000000,23.000000,1.835000,2.000000,5.000000,3.000000,0.000000,0.000000,1.000000,1.000000,0.000000,2.000000,200.000000,54.000000
0,1.000000,17.250000,3.000000,2.000000,4.000000,4.000000,0.040000,0.000000,0.000000,0.000000,1.000000,2.000000,160.000000,41.000000
+1,1.000000,29.250000,14.790000,2.000000,6.000000,4.000000,5.040000,1.000000,1.000000,5.000000,1.000000,2.000000,168.000000,1.000000
0,0.000000,28.580000,3.540000,2.000000,3.000000,5.000000,0.500000,1.000000,0.000000,0.000000,1.000000,2.000000,171.000000,1.000000
0,1.000000,34.580002,0.000000,2.000000,8.000000,4.000000,0.000000,0.000000,0.000000,0.000000,0.000000,3.000000,184.000000,1.000000
0,1.000000,23.420000,0.585000,2.000000,8.000000,8.000000,0.085000,1.000000,0.000000,0.000000,0.000000,2.000000,180.000000,1.000000
+1,1.000000,25.000000,11.250000,2.000000,8.000000,4.000000,2.500000,1.000000,1.000000,17.000000,0.000000,2.000000,200.000000,1209.000000
+1,0.000000,18.750000,7.500000,2.000000,11.000000,4.000000,2.710000,1.000000,1.000000,5.000000,0.000000,2.000000,184.000000,26727.000000
0,1.000000,17.080000,0.250000,2.000000,11.000000,4.000000,0.335000,0.000000,1.000000,4.000000,0.000000,2.000000,160.000000,9.000000
0,0.000000,16.080000,0.335000,2.000000,1.000000,1.000000,0.000000,0.000000,1.000000,1.000000,0.000000,2.000000,160.000000,127.000000
0,1.000000,32.919998,2.500000,2.000000,6.000000,4.000000,1.750000,0.000000,1.000000,2.000000,1.000000,2.000000,720.000000,1.000000
+1,0.000000,20.330000,10.000000,2.000000,8.000000,8.000000,1.000000,1.000000,1.000000,4.000000,0.000000,2.000000,50.000000,1466.000000
0,0.000000,21.750000,1.750000,1.000000,5.000000,3.000000,0.000000,0.000000,0.000000,0.000000,0.000000,2.000000,160.000000,1.000000
+1,1.000000,33.169998,1.040000,2.000000,12.000000,8.000000,6.500000,1.000000,0.000000,0.000000,1.000000,2.000000,164.000000,31286.000000
0,0.000000,25.330000,2.085000,2.000000,8.000000,8.000000,2.750000,1.000000,0.000000,0.000000,1.000000,2.000000,360.000000,2.000000
+1,0.000000,24.750000,3.000000,2.000000,11.000000,8.000000,1.835000,1.000000,1.000000,19.000000,0.000000,2.000000,0.000000,501.000000
+1,1.000000,30.830000,0.000000,2.000000,9.000000,4.000000,1.250000,1.000000,1.000000,1.000000,0.000000,2.000000,202.000000,1.000000
0,1.000000,20.750000,5.085000,1.000000,5.000000,4.000000,0.290000,0.000000,0.000000,0.000000,0.000000,2.000000,140.000000,185.000000
0,0.000000,40.330002,8.125000,1.000000,4.000000,4.000000,0.165000,0.000000,1.000000,2.000000,0.000000,2.000000,184.000000,19.000000
0,1.000000,29.420000,1.250000,2.000000,8.000000,8.000000,0.250000,0.000000,1.000000,2.000000,1.000000,2.000000,400.000000,109.000000
0,1.000000,40.919998,0.500000,1.000000,7.000000,4.000000,0.500000,0.000000,0.000000,0.000000,1.000000,2.000000,130.000000,1.000000
+1,0.000000,29.500000,0.460000,2.000000,4.000000,4.000000,0.540000,1.000000,1.000000,4.000000,0.000000,2.000000,380.000000,501.000000
+1,1.000000,54.419998,0.500000,1.000000,4.000000,8.000000,3.960000,1.000000,0.000000,0.000000,0.000000,2.000000,180.000000,315.000000
0,1.000000,34.000000,5.500000,1.000000,8.000000,4.000000,1.500000,0.000000,0.000000,0.000000,1.000000,2.000000,60.000000,1.000000
0,1.000000,25.000000,12.000000,2.000000,4.000000,4.000000,2.250000,1.000000,1.000000,2.000000,1.000000,2.000000,120.000000,6.000000
0,0.000000,26.580000,2.540000,1.000000,1.000000,1.000000,0.000000,0.000000,0.000000,0.000000,1.000000,2.000000,180.000000,61.000000
+1,0.000000,33.080002,4.625000,2.000000,11.000000,8.000000,1.625000,1.000000,1.000000,2.000000,0.000000,2.000000,0.000000,1.000000
0,1.000000,33.669998,2.165000,2.000000,8.000000,4.000000,1.500000,0.000000,0.000000,0.000000,0.000000,3.000000,120.000000,1.000000
0,1.000000,36.169998,5.500000,2.000000,3.000000,5.000000,5.000000,0.000000,0.000000,0.000000,0.000000,2.000000,210.000000,688.000000
0,1.000000,19.500000,0.290000,2.000000,4.000000,4.000000,0.290000,0.000000,0.000000,0.000000,0.000000,2.000000,280.000000,365.000000
+1,1.000000,24.170000,0.875000,2.000000,11.000000,4.000000,4.625000,1.000000,1.000000,2.000000,1.000000,2.000000,520.000000,2001.000000
+1,0.000000,30.500000,6.500000,2.000000,8.000000,5.000000,4.000000,1.000000,1.000000,7.000000,1.000000,2.000000,0.000000,3066.000000
0,1.000000,20.000000,7.000000,2.000000,8.000000,4.000000,0.500000,0.000000,0.000000,0.000000,0.000000,2.000000,0.000000,1.000000
+1,1.000000,25.330000,0.580000,2.000000,8.000000,4.000000,0.290000,1.000000,1.000000,7.000000,1.000000,2.000000,96.000000,5125.000000
0,1.000000,29.580000,4.750000,2.000000,7.000000,4.000000,2.000000,0.000000,1.000000,1.000000,1.000000,2.000000,460.000000,69.000000
0,1.000000,43.169998,2.250000,2.000000,3.000000,5.000000,0.750000,1.000000,0.000000,0.000000,0.000000,2.000000,560.000000,1.000000
0,1.000000,28.750000,1.165000,2.000000,4.000000,4.000000,0.500000,1.000000,0.000000,0.000000,0.000000,1.000000,280.000000,1.000000
0,1.000000,31.570000,3.000000,1.000000,3.000000,5.000000,7.000000,0.000000,0.000000,0.000000,0.000000,2.000000,0.000000,2.000000
+1,1.000000,20.250000,9.960000,2.000000,10.000000,2.000000,0.000000,1.000000,0.000000,0.000000,0.000000,2.000000,0.000000,1.000000
+1,1.000000,45.000000,8.500000,2.000000,13.000000,8.000000,14.000000,1.000000,1.000000,1.000000,1.000000,2.000000,88.000000,2001.000000
+1,0.000000,22.830000,2.290000,2.000000,11.000000,8.000000,2.290000,1.000000,1.000000,7.000000,1.000000,2.000000,140.000000,2385.000000
+1,0.000000,20.670000,3.000000,2.000000,11.000000,4.000000,0.165000,1.000000,1.000000,3.000000,0.000000,2.000000,100.000000,7.000000
0,1.000000,27.830000,1.500000,2.000000,9.000000,4.000000,2.250000,0.000000,1.000000,1.000000,1.000000,2.000000,100.000000,4.000000
0,1.000000,40.919998,2.250000,1.000000,14.000000,8.000000,10.000000,1.000000,0.000000,0.000000,1.000000,2.000000,176.000000,1.000000
+1,1.000000,56.419998,28.000000,1.000000,8.000000,4.000000,28.500000,1.000000,1.000000,40.000000,0.000000,2.000000,0.000000,16.000000
+1,0.000000,64.080002,0.165000,2.000000,1.000000,1.000000,0.000000,1.000000,1.000000,1.000000,0.000000,2.000000,232.000000,101.000000
+1,0.000000,22.420000,11.250000,1.000000,14.000000,8.000000,0.750000,1.000000,1.000000,4.000000,0.000000,2.000000,0.000000,322.000000
0,0.000000,24.330000,2.500000,1.000000,3.000000,5.000000,4.500000,0.000000,0.000000,0.000000,0.000000,2.000000,200.000000,457.000000
0,0.000000,69.500000,6.000000,2.000000,1.000000,1.000000,0.000000,0.000000,0.000000,0.000000,0.000000,1.000000,0.000000,1.000000
0,1.000000,35.580002,0.750000,2.000000,4.000000,4.000000,1.500000,0.000000,0.000000,0.000000,1.000000,2.000000,231.000000,1.000000
+1,1.000000,48.330002,12.000000,2.000000,7.000000,4.000000,16.000000,1.000000,0.000000,0.000000,0.000000,1.000000,110.000000,1.000000
+1,0.000000,28.080000,15.000000,1.000000,10.000000,9.000000,0.000000,1.000000,0.000000,0.000000,0.000000,2.000000,0.000000,13213.000000
+1,1.000000,35.169998,2.500000,2.000000,4.000000,4.000000,4.500000,1.000000,1.000000,7.000000,0.000000,2.000000,150.000000,1271.000000
+1,1.000000,49.500000,7.585000,2.000000,3.000000,5.000000,7.585000,1.000000,1.000000,15.000000,1.000000,2.000000,0.000000,5001.000000
0,1.000000,80.250000,5.500000,2.000000,8.000000,4.000000,0.540000,1.000000,0.000000,0.000000,0.000000,2.000000,0.000000,341.000000
0,1.000000,29.250000,13.000000,2.000000,2.000000,8.000000,0.500000,0.000000,0.000000,0.000000,0.000000,2.000000,228.000000,1.000000
0,0.000000,16.920000,0.500000,2.000000,3.000000,4.000000,0.165000,0.000000,1.000000,6.000000,1.000000,2.000000,240.000000,36.000000
0,0.000000,16.000000,0.165000,2.000000,6.000000,4.000000,1.000000,0.000000,1.000000,2.000000,1.000000,2.000000,320.000000,2.000000
+1,1.000000,60.080002,14.500000,2.000000,1.000000,1.000000,18.000000,1.000000,1.000000,15.000000,1.000000,2.000000,0.000000,1001.000000
+1,1.000000,28.000000,2.000000,2.000000,4.000000,8.000000,4.165000,1.000000,1.000000,2.000000,1.000000,2.000000,181.000000,1.000000
+1,1.000000,41.500000,1.540000,2.000000,3.000000,5.000000,3.500000,0.000000,0.000000,0.000000,0.000000,2.000000,216.000000,1.000000
0,1.000000,24.080000,9.000000,2.000000,6.000000,4.000000,0.250000,0.000000,0.000000,0.000000,1.000000,2.000000,0.000000,1.000000
0,1.000000,24.500000,13.335000,1.000000,6.000000,4.000000,0.040000,0.000000,0.000000,0.000000,1.000000,2.000000,120.000000,476.000000
+1,1.000000,34.750000,15.000000,2.000000,12.000000,7.000000,5.375000,1.000000,1.000000,9.000000,1.000000,2.000000,0.000000,135.000000
0,1.000000,33.669998,1.250000,2.000000,9.000000,4.000000,1.165000,0.000000,0.000000,0.000000,0.000000,2.000000,120.000000,1.000000
+1,0.000000,40.830002,10.000000,2.000000,11.000000,8.000000,1.750000,1.000000,0.000000,0.000000,0.000000,2.000000,29.000000,838.000000
+1,1.000000,20.420000,1.835000,2.000000,8.000000,4.000000,2.250000,1.000000,1.000000,1.000000,0.000000,2.000000,100.000000,151.000000
+1,1.000000,37.500000,1.125000,1.000000,2.000000,4.000000,1.500000,0.000000,0.000000,0.000000,1.000000,2.000000,431.000000,1.000000
+1,1.000000,48.500000,4.250000,2.000000,7.000000,4.000000,0.125000,1.000000,0.000000,0.000000,1.000000,2.000000,225.000000,1.000000
0,1.000000,23.000000,0.750000,2.000000,7.000000,4.000000,0.500000,0.000000,0.000000,0.000000,1.000000,1.000000,320.000000,1.000000
0,1.000000,35.000000,3.375000,2.000000,8.000000,8.000000,8.290000,0.000000,0.000000,0.000000,1.000000,2.000000,0.000000,1.000000
0,1.000000,16.330000,2.750000,2.000000,6.000000,4.000000,0.665000,0.000000,1.000000,1.000000,0.000000,2.000000,80.000000,22.000000
+1,1.000000,22.670000,10.500000,2.000000,11.000000,8.000000,1.335000,1.000000,0.000000,0.000000,0.000000,2.000000,100.000000,1.000000
0,0.000000,21.750000,11.750000,2.000000,8.000000,4.000000,0.250000,0.000000,0.000000,0.000000,1.000000,2.000000,180.000000,1.000000
+1,0.000000,25.080000,2.540000,1.000000,6.000000,4.000000,0.250000,1.000000,0.000000,0.000000,1.000000,2.000000,370.000000,1.000000
+1,1.000000,36.330002,2.125000,1.000000,9.000000,4.000000,0.085000,1.000000,1.000000,1.000000,0.000000,2.000000,50.000000,1188.000000
0,0.000000,28.580000,3.750000,2.000000,8.000000,4.000000,0.250000,0.000000,1.000000,1.000000,1.000000,2.000000,40.000000,155.000000
0,1.000000,22.170000,12.125000,2.000000,8.000000,4.000000,3.335000,0.000000,1.000000,2.000000,1.000000,2.000000,180.000000,174.000000
+1,1.000000,34.169998,1.540000,2.000000,13.000000,4.000000,1.540000,1.000000,1.000000,1.000000,1.000000,2.000000,520.000000,50001.000000
0,1.000000,35.000000,2.500000,2.000000,3.000000,4.000000,1.000000,0.000000,0.000000,0.000000,1.000000,2.000000,210.000000,1.000000
0,1.000000,28.580000,3.625000,2.000000,6.000000,4.000000,0.250000,0.000000,0.000000,0.000000,1.000000,2.000000,100.000000,1.000000
0,0.000000,19.170000,5.415000,2.000000,3.000000,8.000000,0.290000,0.000000,0.000000,0.000000,0.000000,2.000000,80.000000,485.000000
+1,1.000000,23.250000,1.000000,2.000000,8.000000,4.000000,0.835000,1.000000,0.000000,0.000000,0.000000,1.000000,300.000000,1.000000
0,1.000000,16.500000,0.125000,2.000000,8.000000,4.000000,0.165000,0.000000,0.000000,0.000000,0.000000,2.000000,132.000000,1.000000
+1,0.000000,20.080000,0.125000,2.000000,11.000000,4.000000,1.000000,0.000000,1.000000,1.000000,0.000000,2.000000,240.000000,769.000000
+1,1.000000,22.330000,11.000000,2.000000,9.000000,4.000000,2.000000,1.000000,1.000000,1.000000,0.000000,2.000000,80.000000,279.000000
0,1.000000,34.000000,5.085000,1.000000,3.000000,5.000000,1.085000,0.000000,0.000000,0.000000,1.000000,2.000000,480.000000,1.000000
0,0.000000,57.080002,0.335000,2.000000,3.000000,5.000000,1.000000,1.000000,0.000000,0.000000,1.000000,2.000000,252.000000,2198.000000
0,1.000000,16.250000,0.835000,2.000000,7.000000,4.000000,0.085000,1.000000,0.000000,0.000000,0.000000,1.000000,200.000000,1.000000
+1,1.000000,32.830002,2.500000,2.000000,13.000000,8.000000,2.750000,1.000000,1.000000,6.000000,0.000000,2.000000,160.000000,2073.000000
+1,1.000000,48.250000,25.084999,2.000000,9.000000,4.000000,1.750000,1.000000,1.000000,3.000000,0.000000,2.000000,120.000000,15.000000
0,1.000000,34.169998,2.750000,2.000000,3.000000,5.000000,2.500000,0.000000,0.000000,0.000000,1.000000,2.000000,232.000000,201.000000
0,1.000000,18.330000,1.210000,1.000000,10.000000,2.000000,0.000000,0.000000,0.000000,0.000000,0.000000,2.000000,100.000000,1.000000
0,1.000000,44.250000,0.500000,2.000000,7.000000,4.000000,10.750000,1.000000,0.000000,0.000000,0.000000,1.000000,400.000000,1.000000
0,1.000000,38.919998,1.750000,2.000000,4.000000,4.000000,0.500000,0.000000,0.000000,0.000000,1.000000,2.000000,300.000000,3.000000
0,1.000000,31.580000,0.750000,1.000000,6.000000,4.000000,3.500000,0.000000,0.000000,0.000000,1.000000,2.000000,320.000000,1.000000
+1,1.000000,25.080000,1.710000,2.000000,14.000000,4.000000,1.665000,1.000000,1.000000,1.000000,1.000000,2.000000,395.000000,21.000000
+1,1.000000,65.419998,11.000000,2.000000,10.000000,9.000000,20.000000,1.000000,1.000000,7.000000,1.000000,2.000000,22.000000,1.000000
+1,1.000000,41.330002,0.000000,2.000000,8.000000,5.000000,15.000000,1.000000,0.000000,0.000000,0.000000,2.000000,0.000000,1.000000
0,1.000000,31.250000,1.125000,2.000000,1.000000,1.000000,0.000000,0.000000,1.000000,1.000000,0.000000,2.000000,96.000000,20.000000
0,0.000000,36.750000,4.710000,2.000000,1.000000,1.000000,0.000000,0.000000,0.000000,0.000000,0.000000,2.000000,160.000000,1.000000
0,1.000000,32.330002,7.500000,2.000000,10.000000,5.000000,1.585000,1.000000,0.000000,0.000000,1.000000,1.000000,420.000000,1.000000
0,0.000000,31.920000,3.125000,2.000000,1.000000,1.000000,3.040000,0.000000,1.000000,2.000000,1.000000,2.000000,200.000000,5.000000
+1,1.000000,24.830000,2.750000,2.000000,8.000000,4.000000,2.250000,1.000000,1.000000,6.000000,0.000000,2.000000,184.000000,601.000000
+1,1.000000,21.920000,0.540000,1.000000,14.000000,4.000000,0.040000,1.000000,1.000000,1.000000,1.000000,2.000000,840.000000,60.000000
+1,1.000000,34.250000,3.000000,2.000000,13.000000,8.000000,7.415000,1.000000,0.000000,0.000000,1.000000,2.000000,0.000000,1.000000
0,1.000000,51.830002,3.000000,1.000000,1.000000,1.000000,1.500000,0.000000,0.000000,0.000000,0.000000,2.000000,180.000000,5.000000
0,0.000000,31.570000,1.500000,2.000000,1.000000,1.000000,0.000000,0.000000,1.000000,2.000000,1.000000,2.000000,200.000000,106.000000
0,1.000000,38.419998,0.705000,2.000000,8.000000,4.000000,0.375000,0.000000,1.000000,2.000000,0.000000,2.000000,225.000000,501.000000
+1,1.000000,39.169998,1.710000,2.000000,14.000000,4.000000,0.125000,1.000000,1.000000,5.000000,1.000000,2.000000,480.000000,1.000000
0,1.000000,18.170000,2.460000,2.000000,8.000000,7.000000,0.960000,0.000000,1.000000,2.000000,1.000000,2.000000,160.000000,588.000000
+1,1.000000,39.000000,5.000000,2.000000,13.000000,4.000000,3.500000,1.000000,1.000000,10.000000,1.000000,2.000000,0.000000,1.000000
0,1.000000,20.000000,11.045000,2.000000,8.000000,4.000000,2.000000,0.000000,0.000000,0.000000,1.000000,2.000000,136.000000,1.000000
0,1.000000,32.750000,2.335000,2.000000,2.000000,8.000000,5.750000,0.000000,0.000000,0.000000,1.000000,2.000000,292.000000,1.000000
0,1.000000,18.580000,5.710000,2.000000,2.000000,4.000000,0.540000,0.000000,0.000000,0.000000,0.000000,2.000000,120.000000,1.000000
0,0.000000,15.830000,7.625000,2.000000,11.000000,4.000000,0.125000,0.000000,1.000000,1.000000,1.000000,2.000000,0.000000,161.000000
+1,1.000000,39.330002,5.875000,2.000000,13.000000,8.000000,10.000000,1.000000,1.000000,14.000000,1.000000,2.000000,399.000000,1.000000
0,0.000000,19.580000,0.665000,2.000000,9.000000,4.000000,1.665000,0.000000,0.000000,0.000000,0.000000,2.000000,220.000000,6.000000
+1,1.000000,21.330000,10.500000,2.000000,8.000000,4.000000,3.000000,1.000000,0.000000,0.000000,1.000000,2.000000,0.000000,1.000000
0,0.000000,22.670000,0.750000,2.000000,8.000000,4.000000,2.000000,0.000000,1.000000,2.000000,1.000000,2.000000,200.000000,395.000000
0,1.000000,25.670000,3.250000,2.000000,8.000000,8.000000,2.290000,0.000000,1.000000,1.000000,1.000000,2.000000,416.000000,22.000000
0,1.000000,21.080000,10.085000,1.000000,10.000000,8.000000,1.250000,0.000000,0.000000,0.000000,0.000000,2.000000,260.000000,1.000000
0,0.000000,49.000000,1.500000,2.000000,5.000000,3.000000,0.000000,1.000000,0.000000,0.000000,1.000000,2.000000,100.000000,28.000000
0,1.000000,20.670000,5.290000,2.000000,11.000000,4.000000,0.375000,1.000000,1.000000,1.000000,0.000000,2.000000,160.000000,1.000000
+1,0.000000,19.670000,0.210000,2.000000,11.000000,8.000000,0.290000,1.000000,1.000000,11.000000,0.000000,2.000000,80.000000,100.000000
+1,1.000000,21.830000,0.250000,2.000000,2.000000,8.000000,0.665000,1.000000,0.000000,0.000000,1.000000,2.000000,0.000000,1.000000
0,1.000000,26.830000,0.540000,2.000000,4.000000,1.000000,0.000000,0.000000,0.000000,0.000000,0.000000,2.000000,100.000000,1.000000
0,0.000000,38.580002,5.000000,2.000000,13.000000,4.000000,13.500000,1.000000,0.000000,0.000000,1.000000,2.000000,980.000000,1.000000
+1,0.000000,50.080002,12.540000,2.000000,6.000000,4.000000,2.290000,1.000000,1.000000,3.000000,1.000000,2.000000,156.000000,1.000000
0,0.000000,15.750000,0.375000,2.000000,8.000000,4.000000,1.000000,0.000000,0.000000,0.000000,0.000000,2.000000,120.000000,19.000000
+1,0.000000,24.500000,12.750000,2.000000,8.000000,5.000000,4.750000,1.000000,1.000000,2.000000,0.000000,2.000000,73.000000,445.000000
+1,1.000000,21.000000,4.790000,1.000000,9.000000,4.000000,2.250000,1.000000,1.000000,1.000000,1.000000,2.000000,80.000000,301.000000
+1,1.000000,22.080000,11.000000,2.000000,13.000000,4.000000,0.665000,1.000000,0.000000,0.000000,0.000000,2.000000,100.000000,1.000000
+1,1.000000,54.580002,9.415000,2.000000,1.000000,1.000000,14.415000,1.000000,1.000000,11.000000,1.000000,2.000000,30.000000,301.000000
+1,1.000000,18.080000,5.500000,2.000000,4.000000,4.000000,0.500000,1.000000,0.000000,0.000000,0.000000,2.000000,80.000000,1.000000
+1,1.000000,36.669998,4.415000,1.000000,4.000000,4.000000,0.250000,1.000000,1.000000,10.000000,1.000000,2.000000,320.000000,1.000000
+1,1.000000,38.169998,10.125000,2.000000,14.000000,4.000000,2.500000,1.000000,1.000000,6.000000,0.000000,2.000000,520.000000,197.000000
0,1.000000,21.830000,1.540000,2.000000,4.000000,4.000000,0.085000,0.000000,0.000000,0.000000,1.000000,2.000000,356.000000,1.000000
0,0.000000,51.919998,6.500000,2.000000,3.000000,5.000000,3.085000,0.000000,0.000000,0.000000,1.000000,2.000000,73.000000,1.000000
0,1.000000,22.170000,2.250000,2.000000,3.000000,4.000000,0.125000,0.000000,0.000000,0.000000,0.000000,2.000000,160.000000,11.000000
0,1.000000,52.419998,1.500000,2.000000,2.000000,4.000000,3.750000,0.000000,0.000000,0.000000,1.000000,2.000000,0.000000,351.000000
+1,0.000000,60.919998,5.000000,2.000000,6.000000,4.000000,4.000000,1.000000,1.000000,4.000000,0.000000,2.000000,0.000000,100.000000
+1,1.000000,20.170000,5.625000,2.000000,9.000000,4.000000,1.710000,1.000000,0.000000,0.000000,0.000000,1.000000,120.000000,1.000000
+1,1.000000,23.250000,4.000000,2.000000,8.000000,5.000000,0.250000,1.000000,0.000000,0.000000,1.000000,2.000000,160.000000,1.000000
0,1.000000,36.169998,0.420000,1.000000,9.000000,4.000000,0.290000,0.000000,0.000000,0.000000,1.000000,2.000000,309.000000,3.000000
0,0.000000,42.250000,1.750000,1.000000,8.000000,4.000000,0.000000,0.000000,0.000000,0.000000,1.000000,2.000000,150.000000,2.000000
0,1.000000,23.580000,0.835000,2.000000,3.000000,8.000000,0.085000,0.000000,0.000000,0.000000,1.000000,2.000000,220.000000,6.000000
+1,0.000000,36.000000,1.000000,2.000000,8.000000,4.000000,2.000000,1.000000,1.000000,11.000000,0.000000,2.000000,0.000000,457.000000
0,1.000000,39.580002,5.000000,2.000000,1.000000,1.000000,0.000000,0.000000,1.000000,2.000000,0.000000,2.000000,17.000000,2.000000
+1,0.000000,18.830000,4.415000,1.000000,8.000000,8.000000,3.000000,1.000000,0.000000,0.000000,0.000000,2.000000,240.000000,1.000000
0,1.000000,27.250000,0.625000,2.000000,6.000000,4.000000,0.455000,1.000000,0.000000,0.000000,1.000000,2.000000,200.000000,1.000000
0,1.000000,32.419998,3.000000,2.000000,2.000000,4.000000,0.165000,0.000000,0.000000,0.000000,1.000000,2.000000,120.000000,1.000000
0,1.000000,19.420000,1.500000,1.000000,13.000000,4.000000,2.000000,1.000000,0.000000,0.000000,1.000000,2.000000,100.000000,21.000000
+1,0.000000,22.580000,10.750000,2.000000,11.000000,4.000000,0.415000,1.000000,1.000000,5.000000,1.000000,2.000000,0.000000,561.000000
+1,1.000000,39.919998,6.210000,2.000000,11.000000,4.000000,0.040000,1.000000,1.000000,1.000000,0.000000,2.000000,200.000000,301.000000
+1,1.000000,22.670000,0.165000,2.000000,8.000000,3.000000,2.250000,0.000000,0.000000,0.000000,1.000000,1.000000,0.000000,1.000000
+1,0.000000,23.420000,0.790000,1.000000,11.000000,4.000000,1.500000,1.000000,1.000000,2.000000,1.000000,2.000000,80.000000,401.000000
+1,0.000000,30.000000,5.290000,2.000000,10.000000,2.000000,2.250000,1.000000,1.000000,5.000000,1.000000,2.000000,99.000000,501.000000
+1,0.000000,40.330002,7.540000,1.000000,11.000000,8.000000,8.000000,1.000000,1.000000,14.000000,0.000000,2.000000,0.000000,2301.000000
+1,0.000000,36.750000,5.125000,2.000000,10.000000,4.000000,5.000000,1.000000,0.000000,0.000000,1.000000,2.000000,0.000000,4001.000000
0,1.000000,31.000000,2.085000,2.000000,8.000000,4.000000,0.085000,0.000000,0.000000,0.000000,0.000000,2.000000,300.000000,1.000000
+1,0.000000,25.170000,2.875000,2.000000,14.000000,8.000000,0.875000,1.000000,0.000000,0.000000,0.000000,2.000000,360.000000,1.000000
0,1.000000,27.420000,12.500000,2.000000,6.000000,5.000000,0.250000,0.000000,0.000000,0.000000,1.000000,2.000000,720.000000,1.000000
+1,1.000000,31.570000,4.000000,2.000000,14.000000,4.000000,5.000000,1.000000,1.000000,3.000000,1.000000,2.000000,290.000000,2280.000000
0,1.000000,34.080002,6.500000,2.000000,6.000000,4.000000,0.125000,1.000000,0.000000,0.000000,1.000000,2.000000,443.000000,1.000000
0,1.000000,22.080000,2.335000,2.000000,4.000000,4.000000,0.750000,0.000000,0.000000,0.000000,0.000000,2.000000,180.000000,1.000000
0,1.000000,31.080000,3.085000,2.000000,8.000000,4.000000,2.500000,0.000000,1.000000,2.000000,1.000000,2.000000,160.000000,42.000000
0,1.000000,31.570000,0.500000,2.000000,8.000000,5.000000,0.835000,1.000000,0.000000,0.000000,1.000000,1.000000,320.000000,1.000000
0,1.000000,16.000000,3.125000,2.000000,9.000000,4.000000,0.085000,0.000000,1.000000,1.000000,0.000000,2.000000,0.000000,7.000000
+1,1.000000,27.250000,1.665000,2.000000,13.000000,8.000000,5.085000,1.000000,1.000000,9.000000,0.000000,2.000000,399.000000,828.000000
0,1.000000,25.170000,3.000000,2.000000,8.000000,4.000000,1.250000,0.000000,1.000000,1.000000,0.000000,2.000000,0.000000,23.000000
+1,1.000000,67.750000,5.500000,2.000000,10.000000,9.000000,13.000000,1.000000,1.000000,1.000000,1.000000,2.000000,0.000000,1.000000
+1,0.000000,18.830000,9.500000,2.000000,9.000000,4.000000,1.625000,1.000000,1.000000,6.000000,1.000000,2.000000,40.000000,601.000000
0,0.000000,27.250000,0.290000,2.000000,7.000000,8.000000,0.125000,0.000000,1.000000,1.000000,1.000000,2.000000,272.000000,109.000000
0,0.000000,19.580000,0.665000,1.000000,8.000000,4.000000,1.000000,0.000000,1.000000,1.000000,0.000000,2.000000,2000.000000,3.000000
0,1.000000,30.750000,1.585000,2.000000,2.000000,4.000000,0.585000,0.000000,0.000000,0.000000,1.000000,1.000000,0.000000,1.000000
0,0.000000,50.250000,0.835000,2.000000,6.000000,4.000000,0.500000,0.000000,0.000000,0.000000,1.000000,2.000000,240.000000,118.000000
0,1.000000,31.080000,1.500000,1.000000,9.000000,4.000000,0.040000,0.000000,0.000000,0.000000,0.000000,1.000000,160.000000,1.000000
+1,1.000000,51.580002,15.000000,2.000000,8.000000,4.000000,8.500000,1.000000,1.000000,9.000000,0.000000,2.000000,0.000000,1.000000
0,0.000000,36.580002,0.290000,2.000000,1.000000,1.000000,0.000000,0.000000,1.000000,10.000000,0.000000,2.000000,200.000000,19.000000
+1,1.000000,33.580002,2.750000,2.000000,7.000000,4.000000,4.250000,1.000000,1.000000,6.000000,0.000000,2.000000,204.000000,1.000000
+1,0.000000,20.830000,3.000000,2.000000,6.000000,4.000000,0.040000,1.000000,0.000000,0.000000,0.000000,2.000000,100.000000,1.000000
0,1.000000,36.169998,18.125000,2.000000,9.000000,4.000000,0.085000,0.000000,0.000000,0.000000,0.000000,2.000000,320.000000,3553.000000
0,1.000000,50.750000,0.585000,2.000000,1.000000,1.000000,0.000000,0.000000,0.000000,0.000000,0.000000,2.000000,145.000000,1.000000
0,0.000000,23.580000,0.830000,2.000000,11.000000,4.000000,0.415000,0.000000,1.000000,1.000000,1.000000,2.000000,200.000000,12.000000
+1,1.000000,35.169998,4.500000,2.000000,14.000000,8.000000,5.750000,0.000000,0.000000,0.000000,1.000000,1.000000,711.000000,1.000000
+1,0.000000,58.419998,21.000000,2.000000,3.000000,5.000000,10.000000,1.000000,1.000000,13.000000,0.000000,2.000000,0.000000,6701.000000
+1,1.000000,28.250000,0.875000,2.000000,7.000000,4.000000,0.960000,1.000000,1.000000,3.000000,1.000000,2.000000,396.000000,1.000000
0,1.000000,31.570000,0.625000,2.000000,4.000000,4.000000,0.250000,0.000000,0.000000,0.000000,0.000000,2.000000,380.000000,2011.000000
0,0.000000,31.750000,3.000000,1.000000,5.000000,3.000000,0.000000,0.000000,0.000000,0.000000,0.000000,2.000000,160.000000,21.000000
+1,1.000000,19.420000,6.500000,2.000000,9.000000,8.000000,1.460000,1.000000,1.000000,7.000000,0.000000,2.000000,80.000000,2955.000000
+1,1.000000,39.080002,6.000000,2.000000,7.000000,4.000000,1.290000,1.000000,1.000000,5.000000,1.000000,2.000000,108.000000,1098.000000
0,1.000000,17.080000,3.290000,2.000000,3.000000,4.000000,0.335000,0.000000,0.000000,0.000000,1.000000,2.000000,140.000000,3.000000
0,1.000000,44.830002,7.000000,1.000000,8.000000,4.000000,1.625000,0.000000,0.000000,0.000000,0.000000,2.000000,160.000000,3.000000
0,1.000000,16.250000,0.000000,1.000000,6.000000,4.000000,0.250000,0.000000,0.000000,0.000000,0.000000,2.000000,60.000000,1.000000
+1,0.000000,41.169998,6.500000,2.000000,11.000000,4.000000,0.500000,1.000000,1.000000,3.000000,1.000000,2.000000,145.000000,1.000000
+1,1.000000,28.920000,15.000000,2.000000,8.000000,8.000000,5.335000,1.000000,1.000000,11.000000,0.000000,2.000000,0.000000,2284.000000
0,0.000000,26.170000,2.000000,2.000000,5.000000,3.000000,0.000000,0.000000,0.000000,0.000000,1.000000,2.000000,276.000000,2.000000
+1,1.000000,38.580002,3.335000,2.000000,9.000000,4.000000,4.000000,1.000000,1.000000,14.000000,0.000000,2.000000,383.000000,1345.000000
+1,1.000000,25.170000,6.000000,2.000000,8.000000,4.000000,1.000000,1.000000,1.000000,3.000000,0.000000,2.000000,0.000000,1.000000
+1,0.000000,28.170000,0.375000,2.000000,11.000000,4.000000,0.585000,1.000000,1.000000,4.000000,0.000000,2.000000,80.000000,1.000000
+1,1.000000,73.419998,17.750000,2.000000,1.000000,1.000000,0.000000,1.000000,0.000000,0.000000,1.000000,2.000000,0.000000,1.000000
0,1.000000,22.500000,11.500000,1.000000,7.000000,4.000000,1.500000,0.000000,0.000000,0.000000,1.000000,2.000000,0.000000,4001.000000
0,0.000000,27.170000,1.250000,2.000000,1.000000,1.000000,0.000000,0.000000,1.000000,1.000000,0.000000,2.000000,92.000000,301.000000
+1,0.000000,19.170000,8.585000,2.000000,13.000000,8.000000,0.750000,1.000000,1.000000,7.000000,0.000000,2.000000,96.000000,1.000000
+1,0.000000,25.580000,0.000000,2.000000,8.000000,4.000000,0.000000,0.000000,0.000000,0.000000,0.000000,3.000000,184.000000,1.000000
0,1.000000,31.570000,0.040000,1.000000,2.000000,4.000000,4.250000,0.000000,0.000000,0.000000,1.000000,2.000000,460.000000,1.000000
0,0.000000,22.500000,8.500000,2.000000,11.000000,4.000000,1.750000,1.000000,1.000000,10.000000,0.000000,2.000000,80.000000,991.000000
0,0.000000,22.920000,1.250000,2.000000,11.000000,4.000000,0.250000,0.000000,0.000000,0.000000,1.000000,2.000000,120.000000,810.000000
0,1.000000,23.250000,12.625000,2.000000,8.000000,4.000000,0.125000,0.000000,1.000000,2.000000,0.000000,2.000000,0.000000,5553.000000
0,0.000000,29.500000,1.085000,1.000000,14.000000,4.000000,1.000000,0.000000,0.000000,0.000000,0.000000,2.000000,280.000000,14.000000
0,0.000000,32.000000,6.000000,2.000000,2.000000,4.000000,1.250000,0.000000,0.000000,0.000000,0.000000,2.000000,272.000000,1.000000
+1,1.000000,27.000000,1.500000,1.000000,9.000000,4.000000,0.375000,1.000000,0.000000,0.000000,1.000000,2.000000,260.000000,1066.000000
0,1.000000,19.330000,10.915000,2.000000,8.000000,5.000000,0.585000,0.000000,1.000000,2.000000,1.000000,2.000000,200.000000,8.000000
0,1.000000,35.750000,2.415000,2.000000,9.000000,4.000000,0.125000,0.000000,1.000000,2.000000,0.000000,2.000000,220.000000,2.000000
0,1.000000,18.830000,0.000000,2.000000,11.000000,4.000000,0.665000,0.000000,0.000000,0.000000,0.000000,2.000000,160.000000,2.000000
+1,0.000000,28.750000,3.750000,2.000000,8.000000,4.000000,1.085000,1.000000,1.000000,1.000000,1.000000,2.000000,371.000000,1.000000
+1,1.000000,34.419998,4.250000,2.000000,3.000000,5.000000,3.250000,1.000000,1.000000,2.000000,0.000000,2.000000,274.000000,611.000000
0,0.000000,33.250000,3.000000,1.000000,6.000000,4.000000,2.000000,0.000000,0.000000,0.000000,0.000000,2.000000,180.000000,1.000000
+1,1.000000,53.919998,9.625000,2.000000,10.000000,4.000000,8.665000,1.000000,1.000000,5.000000,0.000000,2.000000,0.000000,1.000000
0,1.000000,25.250000,1.000000,2.000000,6.000000,4.000000,0.500000,0.000000,0.000000,0.000000,0.000000,2.000000,200.000000,1.000000
0,1.000000,32.419998,2.165000,1.000000,4.000000,1.000000,0.000000,0.000000,0.000000,0.000000,0.000000,2.000000,120.000000,1.000000
0,0.000000,21.080000,5.000000,1.000000,1.000000,1.000000,0.000000,0.000000,0.000000,0.000000,0.000000,2.000000,0.000000,1.000000
+1,0.000000,56.500000,16.000000,2.000000,5.000000,1.000000,0.000000,1.000000,1.000000,15.000000,0.000000,2.000000,0.000000,248.000000
+1,1.000000,32.250000,0.165000,1.000000,8.000000,8.000000,3.250000,1.000000,1.000000,1.000000,1.000000,2.000000,432.000000,8001.000000
+1,0.000000,20.500000,11.835000,2.000000,8.000000,8.000000,6.000000,1.000000,0.000000,0.000000,0.000000,2.000000,340.000000,1.000000
0,0.000000,30.250000,5.500000,2.000000,4.000000,4.000000,5.500000,0.000000,0.000000,0.000000,1.000000,1.000000,100.000000,1.000000
0,0.000000,24.580000,0.670000,2.000000,6.000000,8.000000,1.750000,1.000000,0.000000,0.000000,0.000000,2.000000,400.000000,1.000000
+1,1.000000,23.170000,11.125000,2.000000,14.000000,8.000000,0.460000,1.000000,1.000000,1.000000,0.000000,2.000000,100.000000,1.000000
0,0.000000,31.570000,11.250000,2.000000,1.000000,1.000000,0.000000,0.000000,0.000000,0.000000,0.000000,2.000000,184.000000,5201.000000
+1,0.000000,32.330002,0.540000,2.000000,13.000000,4.000000,0.040000,1.000000,0.000000,0.000000,0.000000,2.000000,440.000000,11178.000000
+1,1.000000,23.920000,1.500000,2.000000,2.000000,8.000000,1.875000,1.000000,1.000000,6.000000,0.000000,2.000000,200.000000,328.000000
+1,1.000000,36.750000,0.125000,1.000000,8.000000,4.000000,1.500000,0.000000,0.000000,0.000000,1.000000,2.000000,232.000000,114.000000
0,1.000000,29.830000,1.250000,1.000000,4.000000,4.000000,0.250000,0.000000,0.000000,0.000000,0.000000,2.000000,224.000000,1.000000
+1,0.000000,24.080000,0.500000,2.000000,11.000000,8.000000,1.250000,1.000000,1.000000,1.000000,0.000000,2.000000,0.000000,679.000000
0,1.000000,21.170000,0.250000,1.000000,8.000000,8.000000,0.250000,0.000000,0.000000,0.000000,0.000000,2.000000,280.000000,205.000000
0,1.000000,31.420000,15.500000,2.000000,8.000000,4.000000,0.500000,1.000000,0.000000,0.000000,0.000000,2.000000,120.000000,1.000000
+1,1.000000,22.830000,3.000000,2.000000,7.000000,4.000000,1.290000,1.000000,1.000000,1.000000,0.000000,2.000000,260.000000,801.000000
0,1.000000,37.500000,1.750000,1.000000,8.000000,5.000000,0.250000,1.000000,0.000000,0.000000,1.000000,2.000000,164.000000,401.000000
0,0.000000,24.830000,4.500000,2.000000,9.000000,4.000000,1.000000,0.000000,0.000000,0.000000,1.000000,2.000000,360.000000,7.000000
0,1.000000,36.330002,3.790000,2.000000,9.000000,4.000000,1.165000,1.000000,0.000000,0.000000,1.000000,2.000000,200.000000,1.000000
+1,0.000000,47.250000,0.750000,2.000000,11.000000,8.000000,2.750000,1.000000,1.000000,1.000000,0.000000,2.000000,333.000000,893.000000
0,1.000000,32.080002,4.000000,1.000000,13.000000,4.000000,1.500000,0.000000,0.000000,0.000000,1.000000,2.000000,120.000000,1.000000
0,0.000000,30.580000,10.665000,2.000000,11.000000,8.000000,0.085000,0.000000,1.000000,12.000000,1.000000,2.000000,129.000000,4.000000
+1,1.000000,27.830000,1.540000,2.000000,9.000000,4.000000,3.750000,1.000000,1.000000,5.000000,1.000000,2.000000,100.000000,4.000000
0,1.000000,54.830002,15.500000,2.000000,10.000000,9.000000,0.000000,1.000000,1.000000,20.000000,0.000000,2.000000,152.000000,131.000000
+1,1.000000,16.080000,0.750000,2.000000,8.000000,4.000000,1.750000,1.000000,1.000000,5.000000,1.000000,2.000000,352.000000,691.000000
0,1.000000,24.580000,12.500000,2.000000,9.000000,4.000000,0.875000,1.000000,0.000000,0.000000,1.000000,2.000000,260.000000,1.000000
+1,1.000000,32.669998,5.500000,2.000000,11.000000,8.000000,5.500000,1.000000,1.000000,12.000000,1.000000,2.000000,408.000000,1001.000000
+1,1.000000,30.170000,0.500000,2.000000,8.000000,4.000000,1.750000,1.000000,1.000000,11.000000,0.000000,2.000000,32.000000,541.000000
0,1.000000,22.250000,0.460000,2.000000,4.000000,4.000000,0.125000,0.000000,0.000000,0.000000,1.000000,2.000000,280.000000,56.000000
+1,1.000000,41.750000,0.960000,2.000000,14.000000,4.000000,2.500000,1.000000,0.000000,0.000000,0.000000,2.000000,510.000000,601.000000
0,1.000000,36.669998,2.000000,2.000000,3.000000,4.000000,0.250000,0.000000,0.000000,0.000000,1.000000,2.000000,221.000000,1.000000
0,1.000000,25.830000,12.835000,2.000000,13.000000,4.000000,0.500000,0.000000,0.000000,0.000000,0.000000,2.000000,0.000000,3.000000
+1,1.000000,29.920000,1.835000,2.000000,8.000000,8.000000,4.335000,1.000000,0.000000,0.000000,0.000000,2.000000,260.000000,201.000000
0,1.000000,20.080000,0.250000,2.000000,11.000000,4.000000,0.125000,0.000000,0.000000,0.000000,0.000000,2.000000,200.000000,1.000000
+1,1.000000,19.670000,0.375000,2.000000,11.000000,4.000000,2.000000,1.000000,1.000000,2.000000,1.000000,2.000000,80.000000,1.000000
+1,1.000000,51.419998,0.040000,2.000000,14.000000,8.000000,0.040000,1.000000,0.000000,0.000000,0.000000,2.000000,0.000000,3001.000000
0,1.000000,62.750000,7.000000,2.000000,10.000000,9.000000,0.000000,0.000000,0.000000,0.000000,0.000000,2.000000,0.000000,13.000000
0,1.000000,40.580002,3.290000,2.000000,7.000000,4.000000,3.500000,0.000000,0.000000,0.000000,1.000000,1.000000,400.000000,1.000000
0,0.000000,16.330000,0.210000,2.000000,6.000000,4.000000,0.125000,0.000000,0.000000,0.000000,0.000000,2.000000,200.000000,2.000000
0,1.000000,29.500000,0.580000,2.000000,9.000000,4.000000,0.290000,0.000000,1.000000,1.000000,0.000000,2.000000,340.000000,2804.000000
0,1.000000,34.000000,4.500000,2.000000,6.000000,4.000000,1.000000,1.000000,0.000000,0.000000,1.000000,2.000000,240.000000,1.000000
+1,0.000000,71.580002,0.000000,2.000000,8.000000,4.000000,0.000000,0.000000,0.000000,0.000000,0.000000,3.000000,184.000000,1.000000
+1,1.000000,42.000000,0.205000,2.000000,3.000000,8.000000,5.125000,1.000000,0.000000,0.000000,0.000000,2.000000,400.000000,1.000000
0,0.000000,22.500000,11.000000,1.000000,11.000000,4.000000,3.000000,1.000000,0.000000,0.000000,1.000000,2.000000,268.000000,1.000000
0,1.000000,24.420000,2.000000,2.000000,10.000000,2.000000,0.165000,0.000000,1.000000,2.000000,0.000000,2.000000,320.000000,1301.000000
+1,1.000000,44.330002,0.500000,2.000000,3.000000,8.000000,5.000000,1.000000,0.000000,0.000000,1.000000,2.000000,320.000000,1.000000
+1,0.000000,23.000000,11.750000,2.000000,14.000000,8.000000,0.500000,1.000000,1.000000,2.000000,1.000000,2.000000,300.000000,552.000000
0,1.000000,34.419998,1.335000,2.000000,3.000000,5.000000,0.125000,0.000000,0.000000,0.000000,1.000000,2.000000,440.000000,4501.000000
+1,1.000000,23.080000,11.500000,2.000000,3.000000,4.000000,3.500000,1.000000,1.000000,9.000000,0.000000,2.000000,56.000000,743.000000
0,1.000000,25.920000,0.875000,2.000000,4.000000,4.000000,0.375000,0.000000,1.000000,2.000000,1.000000,2.000000,174.000000,4.000000
+1,0.000000,17.580000,9.000000,2.000000,6.000000,4.000000,1.375000,1.000000,0.000000,0.000000,1.000000,2.000000,0.000000,1.000000
0,1.000000,20.420000,1.085000,2.000000,11.000000,4.000000,1.500000,0.000000,0.000000,0.000000,0.000000,2.000000,108.000000,8.000000
+1,1.000000,31.670000,16.165001,2.000000,2.000000,4.000000,3.000000,1.000000,1.000000,9.000000,0.000000,2.000000,250.000000,731.000000
0,0.000000,57.580002,2.000000,2.000000,1.000000,1.000000,6.500000,0.000000,1.000000,1.000000,0.000000,2.000000,0.000000,11.000000
+1,1.000000,59.669998,1.540000,2.000000,11.000000,4.000000,0.125000,1.000000,0.000000,0.000000,1.000000,2.000000,260.000000,1.000000
+1,0.000000,65.169998,14.000000,2.000000,1.000000,1.000000,0.000000,1.000000,1.000000,11.000000,1.000000,2.000000,0.000000,1401.000000
0,1.000000,30.080000,1.040000,1.000000,3.000000,5.000000,0.500000,1.000000,1.000000,10.000000,1.000000,2.000000,132.000000,29.000000
+1,1.000000,48.580002,6.500000,2.000000,11.000000,8.000000,6.000000,1.000000,0.000000,0.000000,1.000000,2.000000,350.000000,1.000000
0,0.000000,23.580000,11.500000,1.000000,4.000000,8.000000,3.000000,0.000000,0.000000,0.000000,1.000000,2.000000,20.000000,17.000000
+1,1.000000,20.170000,9.250000,2.000000,8.000000,4.000000,1.665000,1.000000,1.000000,3.000000,1.000000,2.000000,40.000000,29.000000
+1,1.000000,48.169998,7.625000,2.000000,9.000000,8.000000,15.500000,1.000000,1.000000,12.000000,0.000000,2.000000,0.000000,791.000000
+1,1.000000,23.250000,1.500000,2.000000,11.000000,4.000000,2.375000,1.000000,1.000000,3.000000,1.000000,2.000000,0.000000,583.000000
0,1.000000,32.250000,14.000000,1.000000,1.000000,1.000000,0.000000,0.000000,1.000000,2.000000,0.000000,2.000000,160.000000,2.000000
0,1.000000,33.580002,0.335000,1.000000,13.000000,4.000000,0.085000,0.000000,0.000000,0.000000,0.000000,2.000000,180.000000,1.000000
0,1.000000,23.580000,0.460000,1.000000,9.000000,4.000000,2.625000,1.000000,1.000000,6.000000,1.000000,2.000000,208.000000,348.000000
0,1.000000,16.920000,0.335000,1.000000,4.000000,4.000000,0.290000,0.000000,0.000000,0.000000,0.000000,1.000000,200.000000,1.000000
0,0.000000,20.830000,8.500000,2.000000,8.000000,4.000000,0.165000,0.000000,0.000000,0.000000,0.000000,2.000000,0.000000,352.000000
+1,0.000000,60.580002,16.500000,2.000000,11.000000,4.000000,11.000000,1.000000,0.000000,0.000000,1.000000,2.000000,21.000000,10562.000000
0,1.000000,31.570000,5.000000,1.000000,6.000000,4.000000,8.500000,1.000000,0.000000,0.000000,0.000000,2.000000,0.000000,1.000000
+1,0.000000,25.000000,12.330000,2.000000,13.000000,8.000000,3.500000,1.000000,1.000000,6.000000,0.000000,2.000000,400.000000,459.000000
0,1.000000,21.500000,9.750000,2.000000,8.000000,4.000000,0.250000,1.000000,0.000000,0.000000,0.000000,2.000000,140.000000,1.000000
0,1.000000,20.420000,0.000000,2.000000,8.000000,4.000000,0.000000,0.000000,0.000000,0.000000,0.000000,3.000000,184.000000,1.000000
0,0.000000,25.250000,13.500000,1.000000,1.000000,1.000000,2.000000,0.000000,1.000000,1.000000,1.000000,2.000000,200.000000,2.000000
+1,1.000000,42.830002,4.625000,2.000000,11.000000,4.000000,4.580000,1.000000,0.000000,0.000000,0.000000,1.000000,0.000000,1.000000
+1,1.000000,26.670000,1.750000,1.000000,8.000000,4.000000,1.000000,1.000000,1.000000,5.000000,1.000000,2.000000,160.000000,5778.000000
+1,1.000000,57.830002,7.040000,2.000000,7.000000,4.000000,14.000000,1.000000,1.000000,6.000000,1.000000,2.000000,360.000000,1333.000000
+1,1.000000,55.919998,11.500000,2.000000,1.000000,1.000000,5.000000,1.000000,1.000000,5.000000,0.000000,2.000000,0.000000,8852.000000
+1,1.000000,51.330002,10.000000,2.000000,3.000000,5.000000,0.000000,1.000000,1.000000,11.000000,0.000000,2.000000,0.000000,1250.000000
0,1.000000,39.830002,0.500000,2.000000,7.000000,4.000000,0.250000,1.000000,0.000000,0.000000,0.000000,1.000000,288.000000,1.000000
+1,1.000000,27.580000,2.040000,1.000000,6.000000,4.000000,2.000000,1.000000,1.000000,3.000000,1.000000,2.000000,370.000000,561.000000
+1,1.000000,30.170000,6.500000,2.000000,13.000000,4.000000,3.125000,1.000000,1.000000,8.000000,0.000000,2.000000,330.000000,1201.000000
0,1.000000,51.830002,2.040000,1.000000,1.000000,1.000000,1.500000,0.000000,0.000000,0.000000,0.000000,2.000000,120.000000,2.000000
0,0.000000,25.000000,11.000000,1.000000,6.000000,4.000000,4.500000,1.000000,0.000000,0.000000,0.000000,2.000000,120.000000,1.000000
0,1.000000,29.670000,0.750000,1.000000,8.000000,4.000000,0.040000,0.000000,0.000000,0.000000,0.000000,2.000000,240.000000,1.000000
+1,0.000000,33.669998,0.375000,2.000000,13.000000,4.000000,0.375000,0.000000,0.000000,0.000000,0.000000,2.000000,300.000000,45.000000
+1,1.000000,25.750000,0.750000,2.000000,8.000000,5.000000,0.250000,1.000000,0.000000,0.000000,0.000000,2.000000,349.000000,24.000000
+1,0.000000,28.670000,1.040000,2.000000,8.000000,4.000000,2.500000,1.000000,1.000000,5.000000,1.000000,2.000000,300.000000,1431.000000
+1,0.000000,18.080000,0.375000,3.000000,13.000000,1.000000,10.000000,0.000000,0.000000,0.000000,1.000000,1.000000,300.000000,1.000000
+1,1.000000,20.420000,7.000000,2.000000,8.000000,4.000000,1.625000,1.000000,1.000000,3.000000,0.000000,2.000000,200.000000,1392.000000
+1,1.000000,17.500000,22.000000,3.000000,1.000000,7.000000,0.000000,0.000000,0.000000,0.000000,1.000000,3.000000,450.000000,100001.000000
0,1.000000,18.080000,6.750000,1.000000,7.000000,4.000000,0.040000,0.000000,0.000000,0.000000,0.000000,2.000000,140.000000,1.000000
+1,1.000000,47.669998,2.500000,2.000000,7.000000,5.000000,2.500000,1.000000,1.000000,12.000000,1.000000,2.000000,410.000000,2511.000000
+1,1.000000,57.419998,8.500000,2.000000,10.000000,8.000000,7.000000,1.000000,1.000000,3.000000,0.000000,2.000000,0.000000,1.000000
+1,1.000000,13.750000,4.000000,1.000000,9.000000,4.000000,1.750000,1.000000,1.000000,2.000000,1.000000,2.000000,120.000000,1001.000000
+1,1.000000,19.330000,9.500000,2.000000,11.000000,4.000000,1.000000,1.000000,0.000000,0.000000,1.000000,2.000000,60.000000,401.000000
0,0.000000,21.920000,11.665000,2.000000,4.000000,8.000000,0.085000,0.000000,0.000000,0.000000,0.000000,2.000000,320.000000,6.000000
0,1.000000,17.580000,10.000000,2.000000,9.000000,8.000000,0.165000,0.000000,1.000000,1.000000,0.000000,2.000000,120.000000,2.000000
0,1.000000,34.830002,2.500000,1.000000,9.000000,4.000000,3.000000,0.000000,0.000000,0.000000,0.000000,1.000000,200.000000,1.000000
0,1.000000,29.170000,3.500000,2.000000,9.000000,4.000000,3.500000,1.000000,1.000000,3.000000,1.000000,2.000000,329.000000,1.000000
0,1.000000,21.420000,0.750000,1.000000,12.000000,7.000000,0.750000,0.000000,0.000000,0.000000,1.000000,2.000000,132.000000,3.000000
0,1.000000,18.170000,10.250000,2.000000,8.000000,8.000000,1.085000,0.000000,0.000000,0.000000,0.000000,2.000000,320.000000,14.000000
0,1.000000,28.000000,3.000000,2.000000,9.000000,4.000000,0.750000,0.000000,0.000000,0.000000,1.000000,2.000000,300.000000,68.000000
+1,0.000000,45.830002,10.500000,2.000000,11.000000,4.000000,5.000000,1.000000,1.000000,7.000000,1.000000,2.000000,0.000000,1.000000
0,1.000000,22.750000,11.500000,2.000000,3.000000,4.000000,0.415000,0.000000,0.000000,0.000000,0.000000,2.000000,0.000000,1.000000
0,0.000000,31.570000,3.500000,2.000000,2.000000,4.000000,3.000000,1.000000,0.000000,0.000000,1.000000,2.000000,300.000000,1.000000
+1,0.000000,20.420000,7.500000,2.000000,4.000000,4.000000,1.500000,1.000000,1.000000,1.000000,0.000000,2.000000,160.000000,235.000000
+1,0.000000,21.250000,2.335000,2.000000,3.000000,5.000000,0.500000,1.000000,1.000000,4.000000,0.000000,1.000000,80.000000,1.000000
+1,1.000000,26.670000,4.250000,2.000000,13.000000,4.000000,4.290000,1.000000,1.000000,1.000000,1.000000,2.000000,120.000000,1.000000
0,0.000000,27.330000,1.665000,2.000000,1.000000,1.000000,0.000000,0.000000,0.000000,0.000000,0.000000,2.000000,340.000000,2.000000
+1,1.000000,42.080002,1.040000,2.000000,9.000000,4.000000,5.000000,1.000000,1.000000,6.000000,1.000000,2.000000,500.000000,10001.000000
0,0.000000,18.250000,10.000000,2.000000,9.000000,4.000000,1.000000,0.000000,1.000000,1.000000,0.000000,2.000000,120.000000,2.000000
0,0.000000,28.500000,1.000000,2.000000,11.000000,4.000000,1.000000,1.000000,1.000000,2.000000,1.000000,2.000000,167.000000,501.000000
+1,0.000000,21.500000,6.000000,2.000000,6.000000,4.000000,2.500000,1.000000,1.000000,3.000000,0.000000,2.000000,80.000000,919.000000
+1,1.000000,21.830000,11.000000,2.000000,14.000000,4.000000,0.290000,1.000000,1.000000,6.000000,0.000000,2.000000,121.000000,1.000000
0,1.000000,21.920000,0.500000,2.000000,8.000000,4.000000,0.125000,0.000000,0.000000,0.000000,0.000000,2.000000,360.000000,1.000000
+1,1.000000,32.669998,9.000000,1.000000,9.000000,8.000000,5.250000,1.000000,0.000000,0.000000,1.000000,2.000000,154.000000,1.000000
0,0.000000,45.330002,1.000000,2.000000,11.000000,4.000000,0.125000,0.000000,0.000000,0.000000,1.000000,2.000000,263.000000,1.000000
0,0.000000,23.580000,0.585000,1.000000,1.000000,1.000000,0.125000,0.000000,0.000000,0.000000,0.000000,2.000000,120.000000,88.000000
0,0.000000,17.920000,0.540000,2.000000,8.000000,4.000000,1.750000,0.000000,1.000000,1.000000,1.000000,2.000000,80.000000,6.000000
0,1.000000,33.000000,2.500000,1.000000,9.000000,4.000000,7.000000,0.000000,0.000000,0.000000,1.000000,2.000000,280.000000,1.000000
0,0.000000,22.670000,0.335000,2.000000,11.000000,4.000000,0.750000,0.000000,0.000000,0.000000,0.000000,1.000000,160.000000,1.000000
0,1.000000,34.669998,1.080000,2.000000,7.000000,4.000000,1.165000,0.000000,0.000000,0.000000,0.000000,1.000000,28.000000,1.000000
+1,1.000000,29.670000,1.415000,2.000000,9.000000,8.000000,0.750000,1.000000,1.000000,1.000000,0.000000,2.000000,240.000000,101.000000
0,1.000000,31.830000,2.500000,2.000000,6.000000,4.000000,7.500000,1.000000,0.000000,0.000000,1.000000,2.000000,523.000000,1.000000
+1,0.000000,20.670000,1.835000,2.000000,11.000000,4.000000,2.085000,1.000000,1.000000,5.000000,0.000000,2.000000,220.000000,2504.000000
0,1.000000,33.750000,2.750000,2.000000,3.000000,5.000000,0.000000,0.000000,0.000000,0.000000,0.000000,2.000000,180.000000,1.000000
+1,1.000000,22.080000,0.830000,2.000000,8.000000,8.000000,2.165000,0.000000,0.000000,0.000000,1.000000,2.000000,128.000000,1.000000
+1,0.000000,35.419998,12.000000,2.000000,11.000000,8.000000,14.000000,1.000000,1.000000,8.000000,0.000000,2.000000,0.000000,6591.000000
+1,1.000000,31.920000,4.460000,2.000000,13.000000,8.000000,6.040000,1.000000,1.000000,3.000000,0.000000,2.000000,311.000000,301.000000
0,0.000000,22.670000,0.790000,2.000000,3.000000,4.000000,0.085000,0.000000,0.000000,0.000000,0.000000,2.000000,144.000000,1.000000
0,1.000000,26.670000,14.585000,2.000000,3.000000,5.000000,0.000000,0.000000,0.000000,0.000000,1.000000,2.000000,178.000000,1.000000
+1,1.000000,44.000000,2.000000,2.000000,7.000000,4.000000,1.750000,1.000000,1.000000,2.000000,1.000000,2.000000,0.000000,16.000000
0,1.000000,30.170000,1.085000,1.000000,8.000000,4.000000,0.040000,0.000000,0.000000,0.000000,0.000000,2.000000,170.000000,180.000000
0,1.000000,37.750000,7.000000,2.000000,11.000000,8.000000,11.500000,1.000000,1.000000,7.000000,1.000000,2.000000,300.000000,6.000000
0,1.000000,17.080000,0.085000,1.000000,8.000000,4.000000,0.040000,0.000000,0.000000,0.000000,0.000000,2.000000,140.000000,723.000000
0,1.000000,49.169998,2.290000,2.000000,1.000000,1.000000,0.290000,0.000000,0.000000,0.000000,0.000000,2.000000,200.000000,4.000000
0,1.000000,22.920000,0.170000,2.000000,7.000000,4.000000,0.085000,0.000000,0.000000,0.000000,0.000000,1.000000,0.000000,1.000000
0,0.000000,34.830002,1.250000,1.000000,3.000000,8.000000,0.500000,0.000000,0.000000,0.000000,1.000000,2.000000,160.000000,1.000000
0,1.000000,44.250000,11.000000,1.000000,2.000000,4.000000,1.500000,1.000000,0.000000,0.000000,0.000000,1.000000,0.000000,1.000000
+1,1.000000,59.500000,2.750000,2.000000,9.000000,4.000000,1.750000,1.000000,1.000000,5.000000,1.000000,2.000000,60.000000,59.000000
+1,1.000000,25.500000,0.375000,2.000000,7.000000,4.000000,0.250000,1.000000,1.000000,3.000000,0.000000,2.000000,260.000000,15109.000000
0,0.000000,41.580002,1.040000,2.000000,6.000000,4.000000,0.665000,0.000000,0.000000,0.000000,0.000000,2.000000,240.000000,238.000000
0,1.000000,49.580002,19.000000,2.000000,1.000000,1.000000,0.000000,1.000000,1.000000,1.000000,0.000000,2.000000,94.000000,1.000000
0,0.000000,33.919998,1.585000,1.000000,1.000000,1.000000,0.000000,1.000000,0.000000,0.000000,0.000000,2.000000,320.000000,1.000000
0,1.000000,19.170000,4.000000,1.000000,3.000000,4.000000,1.000000,0.000000,0.000000,0.000000,1.000000,2.000000,360.000000,1001.000000
0,0.000000,24.500000,2.415000,1.000000,8.000000,4.000000,0.000000,0.000000,0.000000,0.000000,0.000000,2.000000,120.000000,1.000000
+1,1.000000,23.330000,1.500000,2.000000,8.000000,8.000000,1.415000,1.000000,0.000000,0.000000,0.000000,2.000000,422.000000,201.000000
0,1.000000,69.169998,9.000000,2.000000,1.000000,1.000000,4.000000,0.000000,1.000000,1.000000,0.000000,2.000000,70.000000,7.000000
+1,1.000000,47.669998,0.290000,2.000000,8.000000,5.000000,15.000000,1.000000,1.000000,20.000000,0.000000,2.000000,0.000000,15001.000000
0,0.000000,33.250000,2.500000,1.000000,8.000000,4.000000,2.500000,0.000000,0.000000,0.000000,1.000000,2.000000,0.000000,3.000000
+1,1.000000,43.250000,3.000000,2.000000,11.000000,8.000000,6.000000,1.000000,1.000000,11.000000,0.000000,2.000000,80.000000,1.000000
0,1.000000,23.000000,0.625000,1.000000,6.000000,4.000000,0.125000,1.000000,0.000000,0.000000,0.000000,2.000000,180.000000,2.000000
0,1.000000,34.750000,2.500000,2.000000,13.000000,5.000000,0.500000,0.000000,0.000000,0.000000,0.000000,2.000000,348.000000,1.000000
+1,1.000000,56.580002,18.500000,2.000000,2.000000,5.000000,15.000000,1.000000,1.000000,17.000000,1.000000,2.000000,0.000000,1.000000
+1,0.000000,44.169998,6.665000,2.000000,11.000000,4.000000,7.375000,1.000000,1.000000,3.000000,1.000000,2.000000,0.000000,1.000000
+1,0.000000,44.330002,0.000000,2.000000,8.000000,4.000000,2.500000,1.000000,0.000000,0.000000,0.000000,2.000000,0.000000,1.000000
0,1.000000,34.250000,1.750000,2.000000,9.000000,5.000000,0.250000,1.000000,0.000000,0.000000,1.000000,2.000000,163.000000,1.000000
0,0.000000,45.000000,4.585000,2.000000,4.000000,8.000000,1.000000,0.000000,0.000000,0.000000,1.000000,1.000000,240.000000,1.000000
0,1.000000,30.580000,2.710000,1.000000,7.000000,4.000000,0.125000,0.000000,0.000000,0.000000,1.000000,1.000000,80.000000,1.000000
0,1.000000,27.670000,0.750000,2.000000,11.000000,8.000000,0.165000,0.000000,0.000000,0.000000,1.000000,2.000000,220.000000,252.000000
0,1.000000,19.420000,7.250000,2.000000,7.000000,4.000000,0.040000,0.000000,1.000000,1.000000,0.000000,2.000000,100.000000,2.000000
+1,0.000000,41.330002,1.000000,2.000000,3.000000,5.000000,2.250000,1.000000,0.000000,0.000000,1.000000,2.000000,0.000000,301.000000
0,0.000000,23.500000,1.500000,2.000000,9.000000,4.000000,0.875000,0.000000,0.000000,0.000000,1.000000,2.000000,160.000000,1.000000
+1,1.000000,31.670000,0.830000,2.000000,14.000000,4.000000,1.335000,1.000000,1.000000,8.000000,1.000000,2.000000,303.000000,3291.000000
+1,0.000000,17.830000,11.000000,2.000000,14.000000,8.000000,1.000000,1.000000,1.000000,11.000000,0.000000,2.000000,0.000000,3001.000000
0,0.000000,33.169998,2.250000,1.000000,13.000000,4.000000,3.500000,0.000000,0.000000,0.000000,1.000000,2.000000,200.000000,142.000000
0,0.000000,52.500000,7.000000,2.000000,6.000000,8.000000,3.000000,0.000000,0.000000,0.000000,0.000000,2.000000,0.000000,1.000000
0,0.000000,25.420000,1.125000,2.000000,11.000000,4.000000,1.290000,1.000000,1.000000,2.000000,0.000000,2.000000,200.000000,1.000000
0,1.000000,40.580002,1.500000,2.000000,3.000000,5.000000,0.000000,0.000000,0.000000,0.000000,0.000000,1.000000,300.000000,1.000000
0,1.000000,23.920000,0.585000,1.000000,13.000000,8.000000,0.125000,0.000000,0.000000,0.000000,0.000000,2.000000,240.000000,2.000000
+1,1.000000,56.000000,12.500000,2.000000,4.000000,8.000000,8.000000,1.000000,0.000000,0.000000,1.000000,2.000000,24.000000,2029.000000
+1,0.000000,28.500000,3.040000,1.000000,14.000000,8.000000,2.540000,1.000000,1.000000,1.000000,0.000000,2.000000,70.000000,1.000000
+1,1.000000,32.080002,4.000000,2.000000,7.000000,4.000000,2.500000,1.000000,0.000000,0.000000,1.000000,2.000000,360.000000,1.000000
0,1.000000,21.170000,0.875000,1.000000,8.000000,8.000000,0.250000,0.000000,0.000000,0.000000,0.000000,2.000000,280.000000,205.000000
+1,1.000000,34.169998,9.170000,2.000000,8.000000,4.000000,4.500000,1.000000,1.000000,12.000000,1.000000,2.000000,0.000000,222.000000
0,1.000000,43.250000,25.209999,2.000000,11.000000,8.000000,0.210000,1.000000,1.000000,1.000000,0.000000,2.000000,760.000000,91.000000
+1,0.000000,38.250000,6.000000,2.000000,4.000000,4.000000,1.000000,1.000000,0.000000,0.000000,1.000000,2.000000,0.000000,1.000000
+1,1.000000,37.419998,2.040000,2.000000,9.000000,4.000000,0.040000,1.000000,0.000000,0.000000,1.000000,2.000000,400.000000,5801.000000
0,1.000000,29.830000,2.040000,1.000000,14.000000,8.000000,0.040000,0.000000,0.000000,0.000000,0.000000,2.000000,128.000000,2.000000
0,1.000000,37.330002,2.665000,2.000000,13.000000,4.000000,0.165000,0.000000,0.000000,0.000000,1.000000,2.000000,0.000000,502.000000
+1,1.000000,31.330000,19.500000,2.000000,8.000000,4.000000,7.000000,1.000000,1.000000,16.000000,0.000000,2.000000,0.000000,5001.000000
0,1.000000,36.080002,2.540000,2.000000,1.000000,1.000000,0.000000,0.000000,0.000000,0.000000,0.000000,2.000000,0.000000,1001.000000
+1,1.000000,20.500000,2.415000,2.000000,8.000000,4.000000,2.000000,1.000000,1.000000,11.000000,1.000000,2.000000,200.000000,3001.000000
0,1.000000,47.169998,5.835000,2.000000,9.000000,4.000000,5.500000,0.000000,0.000000,0.000000,0.000000,2.000000,465.000000,151.000000
0,1.000000,22.000000,7.835000,1.000000,3.000000,5.000000,0.165000,0.000000,0.000000,0.000000,1.000000,2.000000,184.000000,1.000000
+1,1.000000,20.500000,10.000000,1.000000,8.000000,4.000000,2.500000,1.000000,0.000000,0.000000,0.000000,1.000000,40.000000,1.000000
+1,1.000000,34.919998,2.500000,2.000000,9.000000,4.000000,0.000000,1.000000,0.000000,0.000000,1.000000,2.000000,239.000000,201.000000
0,1.000000,24.080000,0.875000,2.000000,7.000000,4.000000,0.085000,0.000000,1.000000,4.000000,0.000000,2.000000,254.000000,1951.000000
+1,1.000000,37.330002,6.500000,2.000000,7.000000,8.000000,4.250000,1.000000,1.000000,12.000000,1.000000,2.000000,93.000000,1.000000
0,0.000000,20.750000,9.540000,2.000000,3.000000,4.000000,0.040000,0.000000,0.000000,0.000000,0.000000,2.000000,200.000000,1001.000000
+1,1.000000,36.669998,3.250000,2.000000,11.000000,8.000000,9.000000,1.000000,0.000000,0.000000,1.000000,2.000000,102.000000,640.000000
+1,1.000000,22.580000,10.040000,2.000000,14.000000,4.000000,0.040000,1.000000,1.000000,9.000000,0.000000,2.000000,60.000000,397.000000
+1,0.000000,26.920000,13.500000,2.000000,11.000000,8.000000,5.000000,1.000000,1.000000,2.000000,0.000000,2.000000,0.000000,5001.000000
+1,0.000000,46.669998,0.460000,2.000000,13.000000,8.000000,0.415000,1.000000,1.000000,11.000000,1.000000,2.000000,440.000000,7.000000
0,0.000000,52.169998,0.000000,1.000000,1.000000,1.000000,0.000000,0.000000,0.000000,0.000000,0.000000,2.000000,0.000000,1.000000
0,1.000000,39.169998,2.500000,1.000000,3.000000,8.000000,10.000000,0.000000,0.000000,0.000000,1.000000,1.000000,200.000000,1.000000
+1,1.000000,39.169998,1.625000,2.000000,8.000000,4.000000,1.500000,1.000000,1.000000,10.000000,0.000000,2.000000,186.000000,4701.000000
0,0.000000,27.670000,2.040000,2.000000,9.000000,4.000000,0.250000,0.000000,0.000000,0.000000,1.000000,2.000000,180.000000,51.000000
+1,1.000000,19.170000,9.500000,2.000000,9.000000,4.000000,1.500000,1.000000,0.000000,0.000000,0.000000,2.000000,120.000000,2207.000000
+1,1.000000,39.500000,4.250000,2.000000,8.000000,5.000000,6.500000,1.000000,1.000000,16.000000,0.000000,2.000000,117.000000,1211.000000
0,1.000000,36.419998,0.750000,1.000000,2.000000,4.000000,0.585000,0.000000,0.000000,0.000000,0.000000,2.000000,240.000000,4.000000
+1,1.000000,26.170000,0.250000,2.000000,3.000000,5.000000,0.000000,1.000000,0.000000,0.000000,1.000000,2.000000,0.000000,1.000000
0,1.000000,39.419998,1.710000,1.000000,7.000000,4.000000,0.165000,0.000000,0.000000,0.000000,0.000000,1.000000,400.000000,1.000000
+1,1.000000,41.919998,0.420000,2.000000,8.000000,8.000000,0.210000,1.000000,1.000000,6.000000,0.000000,2.000000,220.000000,949.000000
+1,1.000000,21.330000,7.500000,2.000000,6.000000,4.000000,1.415000,1.000000,1.000000,1.000000,0.000000,2.000000,80.000000,9801.000000
0,0.000000,20.080000,1.250000,2.000000,8.000000,4.000000,0.000000,0.000000,0.000000,0.000000,0.000000,2.000000,0.000000,1.000000
0,0.000000,27.580000,3.000000,2.000000,7.000000,4.000000,2.790000,0.000000,1.000000,1.000000,1.000000,2.000000,280.000000,11.000000
0,1.000000,21.580000,0.790000,1.000000,13.000000,4.000000,0.665000,0.000000,0.000000,0.000000,0.000000,2.000000,160.000000,1.000000
+1,1.000000,28.250000,5.125000,2.000000,14.000000,4.000000,4.750000,1.000000,1.000000,2.000000,0.000000,2.000000,420.000000,8.000000
0,1.000000,26.920000,2.250000,2.000000,3.000000,5.000000,0.500000,0.000000,0.000000,0.000000,1.000000,2.000000,640.000000,4001.000000
+1,0.000000,18.420000,9.250000,2.000000,11.000000,4.000000,1.210000,1.000000,1.000000,4.000000,0.000000,2.000000,60.000000,541.000000
+1,0.000000,23.250000,5.875000,2.000000,11.000000,4.000000,3.170000,1.000000,1.000000,10.000000,0.000000,2.000000,120.000000,246.000000
0,1.000000,23.580000,1.790000,2.000000,8.000000,4.000000,0.540000,0.000000,0.000000,0.000000,1.000000,2.000000,136.000000,2.000000
+1,1.000000,28.330000,5.000000,2.000000,9.000000,4.000000,11.000000,1.000000,0.000000,0.000000,1.000000,2.000000,70.000000,1.000000
0,1.000000,25.670000,2.210000,1.000000,6.000000,4.000000,4.000000,1.000000,0.000000,0.000000,0.000000,2.000000,188.000000,1.000000
0,0.000000,28.580000,1.665000,2.000000,11.000000,4.000000,2.415000,1.000000,0.000000,0.000000,1.000000,2.000000,440.000000,1.000000
0,1.000000,22.920000,3.165000,1.000000,8.000000,4.000000,0.165000,0.000000,0.000000,0.000000,0.000000,2.000000,160.000000,1059.000000
0,0.000000,24.500000,1.040000,1.000000,1.000000,1.000000,0.500000,1.000000,1.000000,3.000000,0.000000,2.000000,180.000000,148.000000
0,1.000000,24.750000,0.540000,2.000000,7.000000,4.000000,1.000000,0.000000,0.000000,0.000000,1.000000,2.000000,120.000000,2.000000
+1,1.000000,32.000000,1.750000,1.000000,10.000000,8.000000,0.040000,1.000000,0.000000,0.000000,1.000000,2.000000,393.000000,1.000000
0,1.000000,48.080002,3.750000,2.000000,3.000000,5.000000,1.000000,0.000000,0.000000,0.000000,0.000000,2.000000,100.000000,3.000000
+1,0.000000,28.420000,3.500000,2.000000,9.000000,4.000000,0.835000,1.000000,0.000000,0.000000,0.000000,1.000000,280.000000,1.000000
0,1.000000,25.420000,0.540000,2.000000,9.000000,4.000000,0.165000,0.000000,1.000000,1.000000,0.000000,2.000000,272.000000,445.000000
0,1.000000,18.580000,10.290000,2.000000,1.000000,1.000000,0.415000,0.000000,0.000000,0.000000,0.000000,2.000000,80.000000,1.000000
0,1.000000,21.670000,1.165000,1.000000,4.000000,4.000000,2.500000,1.000000,1.000000,1.000000,0.000000,2.000000,180.000000,21.000000
0,1.000000,24.580000,1.250000,2.000000,8.000000,4.000000,0.250000,0.000000,0.000000,0.000000,0.000000,2.000000,110.000000,1.000000
0,1.000000,16.330000,4.085000,2.000000,3.000000,8.000000,0.415000,0.000000,0.000000,0.000000,1.000000,2.000000,120.000000,1.000000
0,1.000000,26.750000,2.000000,2.000000,2.000000,4.000000,0.750000,0.000000,0.000000,0.000000,1.000000,2.000000,80.000000,1.000000
+1,1.000000,48.169998,3.500000,2.000000,6.000000,4.000000,3.500000,1.000000,0.000000,0.000000,0.000000,1.000000,230.000000,1.000000
0,1.000000,23.500000,2.750000,2.000000,1.000000,1.000000,4.500000,0.000000,0.000000,0.000000,0.000000,2.000000,160.000000,26.000000
+1,0.000000,41.000000,2.040000,1.000000,11.000000,8.000000,0.125000,1.000000,1.000000,23.000000,1.000000,2.000000,455.000000,1237.000000
+1,1.000000,35.169998,25.125000,2.000000,14.000000,8.000000,1.625000,1.000000,1.000000,1.000000,1.000000,2.000000,515.000000,501.000000
0,1.000000,23.750000,12.000000,2.000000,8.000000,4.000000,2.085000,0.000000,0.000000,0.000000,0.000000,1.000000,80.000000,1.000000
0,1.000000,18.670000,5.000000,2.000000,11.000000,4.000000,0.375000,1.000000,1.000000,2.000000,0.000000,2.000000,0.000000,39.000000
0,1.000000,30.330000,0.500000,2.000000,2.000000,8.000000,0.085000,0.000000,0.000000,0.000000,1.000000,1.000000,252.000000,1.000000
0,0.000000,19.750000,0.750000,2.000000,8.000000,4.000000,0.795000,1.000000,1.000000,5.000000,1.000000,2.000000,140.000000,6.000000
0,1.000000,26.170000,0.835000,2.000000,13.000000,4.000000,1.165000,0.000000,0.000000,0.000000,0.000000,2.000000,100.000000,1.000000
0,1.000000,28.750000,1.500000,1.000000,8.000000,4.000000,1.500000,1.000000,0.000000,0.000000,1.000000,2.000000,0.000000,226.000000
+1,1.000000,28.670000,9.335000,2.000000,11.000000,8.000000,5.665000,1.000000,1.000000,6.000000,0.000000,2.000000,381.000000,169.000000
+1,1.000000,26.000000,1.000000,2.000000,11.000000,4.000000,1.750000,1.000000,0.000000,0.000000,1.000000,2.000000,280.000000,1.000000
0,1.000000,23.500000,3.165000,1.000000,4.000000,4.000000,0.415000,0.000000,1.000000,1.000000,1.000000,2.000000,280.000000,81.000000
0,1.000000,26.330000,13.000000,2.000000,10.000000,2.000000,0.000000,0.000000,0.000000,0.000000,1.000000,2.000000,140.000000,1111.000000
+1,1.000000,54.330002,6.750000,2.000000,8.000000,8.000000,2.625000,1.000000,1.000000,11.000000,1.000000,2.000000,0.000000,285.000000
0,1.000000,31.570000,0.375000,2.000000,2.000000,4.000000,0.875000,1.000000,0.000000,0.000000,1.000000,1.000000,928.000000,1.000000
0,0.000000,25.250000,12.500000,2.000000,2.000000,4.000000,1.000000,0.000000,0.000000,0.000000,1.000000,2.000000,180.000000,1063.000000
+1,1.000000,33.169998,3.165000,1.000000,14.000000,4.000000,3.165000,1.000000,1.000000,3.000000,1.000000,2.000000,380.000000,1.000000
0,1.000000,39.500000,1.625000,2.000000,8.000000,4.000000,1.500000,0.000000,0.000000,0.000000,0.000000,2.000000,0.000000,317.000000
0,0.000000,17.670000,0.000000,1.000000,5.000000,1.000000,0.000000,0.000000,0.000000,0.000000,0.000000,2.000000,86.000000,1.000000
+1,1.000000,23.920000,0.665000,2.000000,8.000000,4.000000,0.165000,0.000000,0.000000,0.000000,0.000000,2.000000,100.000000,1.000000
+1,1.000000,26.670000,2.710000,1.000000,13.000000,4.000000,5.250000,1.000000,1.000000,1.000000,0.000000,2.000000,211.000000,1.000000
0,0.000000,22.500000,0.415000,2.000000,3.000000,4.000000,0.335000,0.000000,0.000000,0.000000,1.000000,1.000000,144.000000,1.000000
+1,1.000000,39.919998,0.540000,1.000000,6.000000,4.000000,0.500000,1.000000,1.000000,3.000000,0.000000,2.000000,200.000000,1001.000000
+1,0.000000,26.080000,8.665000,2.000000,6.000000,4.000000,1.415000,1.000000,0.000000,0.000000,0.000000,2.000000,160.000000,151.000000
0,1.000000,20.000000,0.000000,2.000000,2.000000,4.000000,0.500000,0.000000,0.000000,0.000000,0.000000,2.000000,144.000000,1.000000
0,1.000000,31.570000,4.000000,1.000000,3.000000,4.000000,0.085000,0.000000,0.000000,0.000000,1.000000,2.000000,411.000000,1.000000
0,1.000000,26.750000,4.500000,1.000000,8.000000,5.000000,2.500000,0.000000,0.000000,0.000000,0.000000,2.000000,200.000000,1211.000000
0,0.000000,24.920000,1.250000,2.000000,1.000000,1.000000,0.000000,1.000000,0.000000,0.000000,0.000000,2.000000,80.000000,1.000000
0,0.000000,32.250000,1.500000,2.000000,8.000000,4.000000,0.250000,0.000000,0.000000,0.000000,1.000000,2.000000,372.000000,123.000000
0,1.000000,17.670000,4.460000,2.000000,8.000000,4.000000,0.250000,0.000000,0.000000,0.000000,0.000000,1.000000,80.000000,1.000000
+1,0.000000,37.750000,5.500000,2.000000,11.000000,4.000000,0.125000,1.000000,0.000000,0.000000,1.000000,2.000000,228.000000,1.000000
+1,1.000000,22.670000,2.540000,1.000000,8.000000,8.000000,2.585000,1.000000,0.000000,0.000000,0.000000,2.000000,0.000000,1.000000
0,0.000000,17.920000,10.210000,2.000000,1.000000,1.000000,0.000000,0.000000,0.000000,0.000000,0.000000,2.000000,0.000000,51.000000
+1,1.000000,24.420000,12.335000,2.000000,11.000000,8.000000,1.585000,1.000000,0.000000,0.000000,1.000000,2.000000,120.000000,1.000000
+1,0.000000,25.750000,0.500000,2.000000,8.000000,8.000000,0.875000,1.000000,0.000000,0.000000,1.000000,2.000000,491.000000,1.000000
0,1.000000,26.170000,12.500000,1.000000,4.000000,8.000000,1.250000,0.000000,0.000000,0.000000,1.000000,2.000000,0.000000,18.000000
0,0.000000,22.750000,6.165000,2.000000,6.000000,4.000000,0.165000,0.000000,0.000000,0.000000,0.000000,2.000000,220.000000,1001.000000
0,1.000000,23.000000,0.750000,2.000000,7.000000,4.000000,0.500000,1.000000,0.000000,0.000000,1.000000,1.000000,320.000000,1.000000
0,1.000000,25.670000,0.290000,1.000000,8.000000,4.000000,1.500000,0.000000,0.000000,0.000000,1.000000,2.000000,160.000000,1.000000
+1,1.000000,48.580002,0.205000,1.000000,4.000000,4.000000,0.250000,1.000000,1.000000,11.000000,0.000000,2.000000,380.000000,2733.000000
0,1.000000,21.170000,0.000000,2.000000,8.000000,4.000000,0.500000,0.000000,0.000000,0.000000,1.000000,1.000000,0.000000,1.000000
0,1.000000,35.250000,16.500000,1.000000,8.000000,4.000000,4.000000,1.000000,0.000000,0.000000,0.000000,2.000000,80.000000,1.000000
+1,0.000000,22.920000,11.585000,2.000000,13.000000,4.000000,0.040000,1.000000,0.000000,0.000000,0.000000,2.000000,80.000000,1350.000000
0,0.000000,48.169998,1.335000,2.000000,3.000000,7.000000,0.335000,0.000000,0.000000,0.000000,0.000000,2.000000,0.000000,121.000000
+1,1.000000,43.000000,0.290000,1.000000,13.000000,8.000000,1.750000,1.000000,1.000000,8.000000,0.000000,2.000000,100.000000,376.000000
+1,1.000000,31.570000,10.500000,2.000000,14.000000,4.000000,6.500000,1.000000,0.000000,0.000000,0.000000,2.000000,0.000000,1.000000
0,1.000000,20.670000,0.415000,2.000000,8.000000,4.000000,0.125000,0.000000,0.000000,0.000000,0.000000,2.000000,0.000000,45.000000
+1,0.000000,18.830000,9.540000,2.000000,6.000000,4.000000,0.085000,1.000000,0.000000,0.000000,0.000000,2.000000,100.000000,1.000000
+1,0.000000,27.420000,14.500000,2.000000,14.000000,8.000000,3.085000,1.000000,1.000000,1.000000,0.000000,2.000000,120.000000,12.000000
+1,1.000000,41.000000,0.040000,2.000000,10.000000,4.000000,0.040000,0.000000,1.000000,1.000000,0.000000,1.000000,560.000000,1.000000
