0,0.859036,0.927825,0.252866,0.298838,0.170521,0.735936,0.428325,0.567947,0.47437,0.245675,0.104226,0.869091,0.997518,0.44862,0.307522,0.85831,0.796997,0.869893
1,0.606041,0.457728,0.359448,0.306957,0.843331,0.934851,0.444572,0.828015,0.296618,0.61687,0.975786,0.914344,0.845247,0.864152,0.346713,0.356573,0.438447,0.512256
1,0.9976,0.373238,0.517399,0.504993,0.618903,0.605571,0.746225,0.195928,0.815667,0.679355,0.803413,0.643995,0.718441,0.924775,0.315371,0.250642,0.285636,0.365858
1,0.783408,0.104055,0.197533,0.421837,0.742056,0.490828,0.00552544,0.392123,0.0100149,0.471463,0.597879,0.761659,0.362751,0.912819,0.977971,0.845921,0.699431,0.475987
1,0.40625,0.513199,0.0618116,0.635837,0.844798,0.441502,0.191926,0.487546,0.358534,0.551543,0.743877,0.312349,0.650223,0.522261,0.0435448,0.37666,0.280098,0.132283
1,0.0413795,0.629026,0.30338,0.813408,0.222817,0.971206,0.609778,0.647804,0.737914,0.440943,0.0359824,0.615868,0.0174872,0.93232,0.329318,0.954123,0.135379,0.294805
1,0.16105,0.548838,0.153583,0.654415,0.140346,0.796646,0.40584,0.662636,0.0494267,0.578519,0.264855,0.959217,0.698107,0.467359,0.637078,0.0112513,0.147325,0.213814
1,0.415299,0.898731,0.931822,0.916648,0.399106,0.00944511,0.846257,0.683773,0.397306,0.886768,0.522428,0.694774,0.886522,0.411673,0.481108,0.926546,0.0264309,0.0927396
1,0.166758,0.352972,0.988121,0.28707,0.563626,0.402708,0.380932,0.479191,0.0601653,0.236524,0.290484,0.391833,0.254944,0.4884,0.0536836,0.862226,0.415055,0.487126
1,0.655626,0.413931,0.805288,0.163486,0.861902,0.947595,0.546564,0.426141,0.41708,0.94561,0.325388,0.666527,0.37427,0.100291,0.21329,0.22286,0.00728621,0.420027
1,0.590008,0.293692,0.423498,0.329803,0.457838,0.829782,0.497767,0.15944,0.971122,0.492343,0.084269,0.974334,0.926424,0.295426,0.804212,0.87084,0.546295,0.884871
1,0.881929,0.424916,0.903222,0.173306,0.791005,0.476184,0.681176,0.905844,0.828415,0.0837173,0.520567,0.0729153,0.948095,0.999616,0.728459,0.285888,0.21089,0.83359
0,0.96101,0.976907,0.857929,0.614971,0.615516,0.352769,0.83396,0.0950917,0.230893,0.954833,0.577182,0.783511,0.530425,0.17517,0.544458,0.0813924,0.733015,0.531369
1,0.17253,0.0135564,0.623447,0.519136,0.254456,0.366947,0.0556956,0.518501,0.371257,0.853784,0.34704,0.947347,0.597281,0.428806,0.40137,0.820446,0.599584,0.135681
1,0.396514,0.201241,0.968108,0.83644,0.609977,0.244682,0.788271,0.356017,0.125054,0.510103,0.403966,0.865612,0.499516,0.589648,0.0149979,0.893355,0.562122,0.0284487
1,0.0516204,0.310913,0.909293,0.719117,0.433167,0.997142,0.231382,0.771589,0.593069,0.109139,0.215117,0.0518193,0.293526,0.751845,0.922481,0.606573,0.318209,0.718854
1,0.814356,0.696774,0.702883,0.975636,0.983485,0.0311367,0.938889,0.744846,0.752254,0.412524,0.586656,0.941653,0.247466,0.550211,0.229891,0.691478,0.999306,0.647063
1,0.595624,0.791531,0.794123,0.430667,0.916778,0.897785,0.729779,0.560204,0.658953,0.835252,0.644759,0.444219,0.820039,0.878055,0.238453,0.413538,0.378726,0.973049
1,0.453287,0.227814,0.868964,0.839547,0.133349,0.95134,0.179081,0.0231524,0.144847,0.674269,0.0832726,0.437239,0.231382,0.424553,0.578621,0.140284,0.538909,0.620392
1,0.358677,0.539764,0.408204,0.391342,0.660984,0.730277,0.415557,0.67797,0.0922428,0.457695,0.97105,0.116669,0.893424,0.89528,0.41211,0.0674896,0.254949,0.146701
1,0.795198,0.129787,0.881825,0.531266,0.546997,0.626596,0.689773,0.941651,0.466419,0.0983133,0.435143,0.730366,0.868268,0.85282,0.525977,0.785421,0.630603,0.740923
1,0.500683,0.360447,0.93911,0.149995,0.57904,0.29749,0.905608,0.765232,0.0268787,0.608748,0.316249,0.842603,0.384432,0.601,0.941488,0.981675,0.225053,0.692644
1,0.0294537,0.675725,0.0249301,0.113832,0.833686,0.268191,0.936407,0.577269,0.728363,0.846494,0.419848,0.286228,0.782014,0.455999,0.450857,0.909224,0.827098,0.125961
1,0.294864,0.81787,0.54848,0.98325,0.475169,0.672255,0.198055,0.27025,0.453985,0.725451,0.653351,0.0990925,0.369056,0.252057,0.426083,0.381708,0.775821,0.561838
1,0.483921,0.272825,0.288014,0.424075,0.825867,0.686728,0.317001,0.107176,0.761054,0.720973,0.984839,0.345239,0.145047,0.961694,0.021561,0.127715,0.978176,0.877524
1,0.773997,0.0299949,0.500945,0.18144,0.501907,0.0171648,0.683837,0.239436,0.694846,0.762668,0.11862,0.694098,0.489323,0.354129,0.527806,0.777713,0.309117,0.262728
1,0.420277,0.371872,0.742212,0.0630452,0.18916,0.846139,0.874233,0.143819,0.156296,0.353835,0.393121,0.633843,0.788371,0.856284,0.602019,0.168631,0.534522,0.987513
1,0.531351,0.148787,0.34509,0.0851567,0.737007,0.345312,0.172234,0.69067,0.097401,0.183404,0.371574,0.480701,0.506994,0.823968,0.146708,0.59553,0.371591,0.199846
1,0.305038,0.24067,0.830739,0.0219908,0.99855,0.294418,0.71617,0.41555,0.921415,0.139468,0.0692558,0.981448,0.205876,0.194218,0.501133,0.181758,0.691084,0.615791
1,0.250101,0.734772,0.937693,0.89297,0.235562,0.98242,0.532903,0.398452,0.19563,0.898278,0.736031,0.889063,0.978484,0.828647,0.442606,0.452043,0.769883,0.435866
1,0.384082,0.883149,0.0292803,0.359467,0.357382,0.526268,0.036278,0.590755,0.137506,0.0481509,0.662521,0.338002,0.305894,0.0267616,0.0309024,0.339045,0.576479,0.759567
1,0.715209,0.329158,0.576085,0.0223011,0.384342,0.822694,0.71693,0.325197,0.854684,0.398639,0.835673,0.467984,0.00482531,0.682274,0.114236,0.566028,0.559204,0.802771
1,0.678596,0.115738,0.529137,0.188375,0.418222,0.333328,0.13833,0.1202,0.53258,0.96735,0.158751,0.474754,0.142948,0.164271,0.809068,0.76881,0.936033,0.402335
1,0.742689,0.420645,0.431975,0.686291,0.0430776,0.0418245,0.986828,0.86841,0.414101,0.530654,0.42267,0.182383,0.89742,0.729727,0.158203,0.87517,0.618953,0.218368
1,0.0146982,0.944566,0.245755,0.680601,0.967,0.449789,0.593078,0.272489,0.676484,0.756458,0.619869,0.90925,0.702106,0.763603,0.376942,0.477158,0.352573,0.328102
1,0.198484,0.436049,0.668261,0.995955,0.109089,0.0349164,0.264479,0.992529,0.700669,0.410696,0.000418997,0.309555,0.73163,0.699517,0.143323,0.24972,0.129111,0.82339
1,0.492837,0.236896,0.636875,0.5418,0.0688641,0.860347,0.45734,0.0591651,0.382444,0.349006,0.333493,0.298011,0.763593,0.0645411,0.00073196,0.745185,0.671101,0.0056988
1,0.942361,0.758718,0.475841,0.833073,0.0932498,0.161021,0.828598,0.215001,0.392582,0.650206,0.81806,0.0167908,0.393927,0.622843,0.0682293,0.592253,0.555532,0.102812
1,0.403573,0.624181,0.352267,0.691971,0.214774,0.814584,0.437888,0.220245,0.574827,0.25685,0.545555,0.360006,0.052521,0.920706,0.67687,0.828809,0.299336,0.12172
1,0.122877,0.604438,0.491999,0.117148,0.403814,0.591458,0.657343,0.18231,0.654878,0.558982,0.600618,0.03493,0.745948,0.0552279,0.951103,0.742371,0.386519,0.784526
1,0.809336,0.252251,0.554051,0.0564988,0.569249,0.0538638,0.476066,0.0441429,0.154594,0.218628,0.35699,0.382903,0.215717,0.717705,0.32464,0.713245,0.461035,0.522124
1,0.93178,0.534487,0.0723502,0.508044,0.797351,0.854942,0.534399,0.499421,0.865816,0.514791,0.500726,0.41041,0.549086,0.117909,0.901309,0.274064,0.644323,0.0387893
1,0.319991,0.500186,0.542542,0.578932,0.939127,0.187564,0.643975,0.101768,0.610326,0.38091,0.878105,0.68167,0.929239,0.988242,0.136341,0.128086,0.648093,0.384532
0,0.675577,0.904871,0.965467,0.763904,0.633559,0.759305,0.21683,0.255341,0.665203,0.368365,0.747902,0.934944,0.956876,0.420295,0.986997,0.955677,0.485108,0.206474
1,0.132896,0.961589,0.514783,0.819531,0.288644,0.528931,0.796684,0.843942,0.0371395,0.464197,0.776285,0.775232,0.124202,0.740232,0.883947,0.20302,0.0322777,0.688734
1,0.366114,0.162145,0.55923,0.888008,0.334936,0.0899158,0.466295,0.652753,0.541212,0.475614,0.373546,0.709623,0.613065,0.88466,0.875652,0.549356,0.166465,0.537765
1,0.115795,0.761214,0.344103,0.777036,0.158458,0.664699,0.576139,0.0446865,0.774181,0.497616,0.394575,0.0678445,0.057784,0.153044,0.61385,0.271658,0.0599704,0.595262
1,0.862134,0.390891,0.59926,0.854089,0.77146,0.0607178,0.305602,0.719193,0.490189,0.604712,0.530933,0.0598184,0.606469,0.209066,0.96128,0.791848,0.190488,0.843583
0,0.728289,0.783255,0.959955,0.0549775,0.422302,0.189559,0.768513,0.898006,0.940133,0.696245,0.0142543,0.848723,0.269197,0.317335,0.365386,0.732467,0.445872,0.00318395
1,0.892136,0.834265,0.732401,0.375062,0.720275,0.939297,0.224491,0.860446,0.866764,0.830676,0.989771,0.575232,0.441944,0.32576,0.00909681,0.947493,0.845073,0.639294
1,0.347202,0.0230736,0.665626,0.967062,0.378128,0.336371,0.821557,0.911618,0.788944,0.827207,0.492424,0.566999,0.634461,0.0694075,0.514058,0.3193,0.430015,0.304843
1,0.466559,0.92563,0.604524,0.30406,0.585937,0.54166,0.894944,0.973058,0.24959,0.776806,0.487479,0.366694,0.0943321,0.441679,0.356113,0.694971,0.889775,0.180346
1,0.602311,0.822252,0.914549,0.26441,0.0270936,0.691121,0.971818,0.672251,0.724063,0.738698,0.514835,0.244434,0.0386549,0.258082,0.817547,0.667178,0.0741852,0.467084
1,0.634576,0.581644,0.0536015,0.293927,0.299382,0.534213,0.156428,0.638372,0.557336,0.535018,0.270267,0.754844,0.933518,0.709916,0.589109,0.802358,0.423921,0.256744
1,0.684861,0.468096,0.709534,0.964369,0.673798,0.131002,0.708804,0.619074,0.524285,0.225811,0.0168697,0.237431,0.683611,0.315722,0.250015,0.0466228,0.744735,0.763153
1,0.896377,0.19554,0.461462,0.709034,0.880216,0.323156,0.299818,0.947649,0.985767,0.165824,0.677366,0.199911,0.0774494,0.124203,0.75614,0.220593,0.327888,0.556321
1,0.137194,0.451536,0.629058,0.239815,0.99016,0.356758,0.313227,0.594777,0.21572,0.686377,0.68995,0.719657,0.173151,0.364855,0.428455,0.916978,0.750696,0.1577
0,0.964653,0.867315,0.436953,0.0700292,0.144875,0.199279,0.701177,0.366411,0.96465,0.127939,0.687026,0.971489,0.0259567,0.344136,0.0997463,0.20724,0.000465106,0.949122
1,0.440492,0.28669,0.750674,0.8819,0.92471,0.777145,0.977849,0.304483,0.206219,0.712283,0.00777219,0.201377,0.086849,0.489029,0.932232,0.725313,0.855202,0.0717842
1,0.224472,0.998815,0.66095,0.795794,0.20166,0.645861,0.558637,0.47362,0.0170651,0.060002,0.167684,0.553579,0.265857,0.183513,0.277597,0.654309,0.529666,0.294342
1,0.258906,0.718118,0.237976,0.256837,0.290491,0.279041,0.386212,0.0651321,0.884029,0.43073,0.723415,0.52296,0.692042,0.57857,0.750851,0.809193,0.930044,0.0547072
1,0.522211,0.560968,0.0483225,0.809189,0.93097,0.786757,0.0689396,0.73003,0.78207,0.202449,0.279106,0.372409,0.412649,0.647268,0.679132,0.899989,0.803917,0.0251708
0,0.616469,0.741596,0.781656,0.0334202,0.239747,0.149745,0.405233,0.937797,0.0630709,0.0340824,0.633758,0.31937,0.992912,0.408746,0.385854,0.55443,0.455547,0.250476
1,0.108849,0.805422,0.388095,0.251939,0.392807,0.0885585,0.339881,0.0176192,0.600453,0.539978,0.0762218,0.350706,0.901758,0.135816,0.256838,0.430275,0.886183,0.943308
1,0.467026,0.447649,0.565571,0.361594,0.652016,0.80163,0.750647,0.955125,0.534233,0.875553,0.444225,0.128868,0.907614,0.358759,0.895476,0.755525,0.764245,0.778632
1,0.663039,0.266649,0.105046,0.92215,0.232658,0.120187,0.0222084,0.367209,0.936907,0.595062,0.593229,0.418347,0.331339,0.48161,0.194637,0.763,0.219925,0.233415
1,0.166143,0.280268,0.068818,0.734332,0.534126,0.0138682,0.145605,0.578665,0.895257,0.865406,0.550564,0.50538,0.751908,0.334615,0.767593,0.108097,0.602484,0.903097
1,0.542797,0.217061,0.270333,0.610046,0.321921,0.571763,0.212128,0.147203,0.949518,0.0200362,0.365211,0.213456,0.3261,0.382851,0.125316,0.997265,0.726788,0.814627
1,0.310352,0.551353,0.330233,0.699999,0.451201,0.00121479,0.515302,0.247204,0.0862827,0.294501,0.981731,0.855554,0.221855,0.573423,0.217769,0.50241,0.336716,0.550297
1,0.554229,0.640317,0.179199,0.943816,0.965435,0.907978,0.288347,0.137221,0.931199,0.450723,0.931248,0.268674,0.716456,0.769175,0.776214,0.969363,0.591593,0.852321
1,0.0604714,0.0334731,0.274572,0.336015,0.059398,0.875912,0.699808,0.404413,0.860247,0.156562,0.888766,0.210468,0.57522,0.652341,0.210176,0.576552,0.652819,0.19131
1,0.837178,0.349209,0.139125,0.910652,0.723873,0.436198,0.444314,0.89227,0.275855,0.572987,0.569574,0.59327,0.680707,0.520422,0.0730671,0.120636,0.516308,0.660015
1,0.271418,0.653109,0.9928,0.779837,0.462741,0.225662,0.570829,0.52345,0.223129,0.151926,0.459889,0.189588,0.673339,0.109551,0.534734,0.710132,0.83146,0.898194
1,0.0239212,0.7885,0.392745,0.862112,0.815376,0.631075,0.470086,0.528564,0.979535,0.649464,0.384347,0.175653,0.344239,0.701359,0.301936,0.939268,0.316415,0.701766
1,0.273813,0.608293,0.168283,0.676352,0.0137155,0.81918,0.541494,0.493468,0.180408,0.612112,0.465531,0.90226,0.631584,0.0990889,0.542684,0.163613,0.816358,0.711909
1,0.498439,0.51829,0.0158443,0.0393335,0.803373,0.741796,0.904929,0.0380762,0.270916,0.661655,0.141962,0.804406,0.478241,0.979943,0.727646,0.347659,0.988853,0.447937
1,0.288345,0.943532,0.797574,0.803857,0.632701,0.220555,0.426066,0.563585,0.797355,0.103695,0.853752,0.984103,0.0667133,0.39641,0.692716,0.188351,0.90561,0.350074
0,0.906736,0.845611,0.0338896,0.382948,0.645635,0.932791,0.0400954,0.549632,0.217779,0.923008,0.353318,0.828581,0.865206,0.0840832,0.367433,0.537126,0.0875758,0.272303
1,0.790757,0.0964385,0.376166,0.323435,0.271645,0.915758,0.0965772,0.672209,0.9112,0.321788,0.236771,0.40301,0.619776,0.502065,0.998483,0.160839,0.26485,0.478664
1,0.644259,0.969022,0.815632,0.56121,0.778106,0.454347,0.918361,0.809918,0.254702,0.419313,0.780902,0.0153047,0.432229,0.772509,0.522024,0.0772065,0.172865,0.847359
1,0.244118,0.177209,0.29181,0.397574,0.493667,0.313844,0.853588,0.504978,0.769069,0.869796,0.955375,0.814388,0.334516,0.505604,0.380875,0.700991,0.342793,0.709022
1,0.80518,0.0699654,0.314034,0.13725,0.0299129,0.37776,0.887132,0.164777,0.43248,0.0690084,0.891443,0.43157,0.0786513,0.733349,0.493008,0.566696,0.0470512,0.320188
1,0.671587,0.730205,0.949889,0.274113,0.821364,0.99045,0.0458887,0.115101,0.168343,0.0095199,0.823803,0.53283,0.603478,0.0764251,0.240845,0.438138,0.866115,0.109019
1,0.579402,0.510161,0.221875,0.555486,0.689032,0.0764602,0.249088,0.265131,0.893472,0.544539,0.510709,0.127523,0.666518,0.943891,0.606818,0.989129,0.188199,0.907212
0,0.977305,0.597218,0.309078,0.983514,0.2795,0.900335,0.760158,0.20495,0.564339,0.755481,0.862397,0.703169,0.554544,0.327932,0.829222,0.0549884,0.977709,0.504756
0,0.473099,0.979196,0.256344,0.0119559,0.553195,0.554762,0.583126,0.922551,0.468278,0.768534,0.913489,0.183761,0.83934,0.285804,0.90702,0.461765,0.635196,0.0210743
1,0.508078,0.568952,0.0109883,0.351662,0.895745,0.682488,0.998459,0.438383,0.300405,0.338091,0.179809,0.229032,0.18871,0.844193,0.390763,0.283139,0.500086,0.307007
1,0.482891,0.917951,0.570038,0.466117,0.112735,0.926429,0.257335,0.125265,0.426803,0.995409,0.0280724,0.300612,0.0113462,0.606609,0.69664,0.444892,0.521262,0.732127
1,0.549942,0.988604,0.381534,0.601424,0.131196,0.208842,0.809848,0.928802,0.689969,0.667966,0.204841,0.625113,0.0468506,0.543082,0.103849,0.611193,0.703175,0.372335
1,0.629926,0.00899437,0.579833,0.75404,0.32492,0.36482,0.0937815,0.696464,0.0742784,0.816184,0.844058,0.578837,0.0998531,0.812297,0.85828,0.604816,0.527396,0.38039
1,0.693058,0.0583442,0.696438,0.474131,0.868195,0.809991,0.890317,0.984934,0.351078,0.434944,0.131496,0.140274,0.710461,0.112605,0.633321,0.44233,0.965443,0.950673
1,0.917781,0.312822,0.620249,0.387047,0.443384,0.893702,0.500372,0.554763,0.166015,0.911935,0.409331,0.563012,0.32153,0.476439,0.0849844,0.486195,0.0672621,0.86361
0,0.9698,0.691416,0.526029,0.0823638,0.104676,0.789402,0.805434,0.63111,0.597129,0.291983,0.413248,0.654471,0.873086,0.0787491,0.570525,0.63943,0.678007,0.991041
1,0.00125443,0.935895,0.769611,0.792617,0.353193,0.667448,0.81614,0.96418,0.711245,0.584092,0.165295,0.80935,0.287608,0.991867,0.889927,0.530099,0.89823,0.880278
0,0.767814,0.862666,0.0958281,0.0954277,0.510833,0.203756,0.789735,0.794024,0.119817,0.944159,0.259582,0.275318,0.771615,0.746867,0.408134,0.937859,0.179099,0.775296
1,0.842468,0.126199,0.589327,0.64359,0.711936,0.545565,0.362442,0.37502,0.627092,0.261219,0.145991,0.293003,0.194387,0.95639,0.0665535,0.387424,0.358485,0.203458
1,0.381992,0.951735,0.0922091,0.924031,0.198791,0.641233,0.117315,0.875836,0.632273,0.447458,0.753678,0.260018,0.563017,0.619829,0.0374262,0.720133,0.75784,0.431846
1,0.978827,0.141387,0.951547,0.0901055,0.0168743,0.256741,0.00782052,0.296604,0.738943,0.975425,0.472226,0.133557,0.469097,0.091389,0.487927,0.404388,0.833787,0.858435
1,0.950046,0.269055,0.278555,0.62627,0.859663,0.712693,0.238748,0.847079,0.00532561,0.35953,0.273377,0.64999,0.108389,0.901332,0.166454,0.585272,0.624297,0.441298
1,0.559648,0.211979,0.694074,0.150718,0.126538,0.162545,0.254231,0.812882,0.925625,0.901439,0.613846,0.265809,0.407308,0.727184,0.870513,0.230888,0.66224,0.176694
1,0.0860313,0.0777606,0.0588959,0.436346,0.33151,0.771729,0.67225,0.293345,0.051208,0.643213,0.174858,0.836967,0.395564,0.561437,0.279825,0.631974,0.195663,0.99882
1,0.585876,0.532938,0.744665,0.945812,0.410767,0.655021,0.519346,0.0525961,0.203453,0.134272,0.868658,0.52016,0.971357,0.462182,0.355327,0.41093,0.0804039,0.398084
1,0.0086408,0.432523,0.998263,0.11017,0.671009,0.170808,0.207669,0.703076,0.61118,0.632672,0.948308,0.669069,0.920149,0.270859,0.0482594,0.826194,0.737805,0.733419
1,0.0493997,0.04927,0.759216,0.66452,0.774061,0.863979,0.596792,0.87942,0.587873,0.212854,0.309701,0.588191,0.671851,0.437921,0.0830065,0.878178,0.106693,0.085559
1,0.0764745,0.710956,0.883788,0.122997,0.905278,0.236193,0.367033,0.781591,0.344565,0.817351,0.712681,0.549026,0.851187,0.306865,0.205398,0.645744,0.883286,0.752249
1,0.290591,0.466087,0.214378,0.450625,0.524372,0.396243,0.330921,0.861528,0.824471,0.313369,0.902875,0.493353,0.799374,0.221227,0.957615,0.84444,0.418955,0.585293
1,0.0694385,0.11742,0.192879,0.193287,0.12009,0.573027,0.323365,0.705869,0.807584,0.700005,0.845874,0.534397,0.462162,0.629271,0.508404,0.624857,0.289578,0.664656
1,0.375836,0.379274,0.414511,0.90067,0.703177,0.412278,0.48994,0.129604,0.318943,0.933206,0.718698,0.171454,0.809136,0.263083,0.91264,0.543341,0.939295,0.312094
0,0.915003,0.889988,0.809433,0.760867,0.688014,0.26286,0.451783,0.287775,0.621162,0.271075,0.761118,0.734215,0.789958,0.167696,0.333885,0.673367,0.23901,0.0783735
1,0.335995,0.854629,0.720635,0.130296,0.307417,0.286973,0.524143,0.509764,0.313394,0.918792,0.0893914,0.0261841,0.855733,0.7934,0.0598358,0.814484,0.167914,0.371606
1,0.52413,0.0174524,0.922932,0.727869,0.594623,0.704475,0.92507,0.170789,0.648957,0.00201479,0.696646,0.917204,0.181028,0.0567804,0.572946,0.735757,0.259847,0.966721
1,0.563314,0.711905,0.584726,0.00549319,0.949542,0.77961,0.128152,0.348697,0.262879,0.342978,0.217988,0.0390786,0.515342,0.372668,0.121013,0.174225,0.362146,0.748973
1,0.430324,0.255601,0.763058,0.208471,0.959391,0.466139,0.27632,0.17314,0.578153,0.0257772,0.432228,0.250552,0.649623,0.805439,0.419501,0.241852,0.616525,0.830643
1,0.324662,0.808797,0.43891,0.0465246,0.573556,0.275638,0.0251661,0.787789,0.805143,0.363729,0.794099,0.154254,0.503439,0.756179,0.585928,0.657926,0.235532,0.960102
0,0.868261,0.909368,0.773757,0.702602,0.340249,0.13594,0.0743638,0.334298,0.0783117,0.194536,0.0419043,0.758684,0.517406,0.677615,0.739766,0.972706,0.579133,0.494948
1,0.902317,0.396196,0.224373,0.143771,0.706488,0.254153,0.992351,0.258423,0.950031,0.0544525,0.222747,0.507683,0.877914,0.39256,0.849437,0.424298,0.390664,0.270086
0,0.990747,0.611856,0.202425,0.231401,0.0490951,0.173547,0.334743,0.918631,0.435809,0.0121437,0.642219,0.539411,0.624722,0.278705,0.687171,0.0299484,0.956526,0.59276
1,0.704764,0.828253,0.454622,0.235831,0.752759,0.100137,0.203521,0.511496,0.410646,0.570583,0.965101,0.278223,0.534552,0.672198,0.86213,0.0101625,0.713928,0.245896
1,0.749666,0.227409,0.00118109,0.0722953,0.4999,0.141009,0.670044,0.998506,0.030296,0.960573,0.472191,0.873104,0.233497,0.274366,0.267856,0.507357,0.467392,0.934694
1,0.781874,0.363261,0.118812,0.669844,0.163972,0.423382,0.651811,0.542261,0.116165,0.124233,0.318853,0.766789,0.485639,0.690476,0.294831,0.686634,0.274841,0.575016
1,0.0983003,0.914177,0.839536,0.277825,0.0506445,0.122875,0.080786,0.585229,0.387748,0.480347,0.895512,0.466365,0.446735,0.139888,0.320359,0.310681,0.229001,0.454268
1,0.247917,0.249634,0.642273,0.512069,0.531921,0.58441,0.305319,0.308397,0.906482,0.304217,0.499918,0.0830276,0.658009,0.836051,0.152701,0.336784,0.810902,0.0412557
1,0.179363,0.404092,0.41678,0.597772,0.905577,0.751218,0.865577,0.186333,0.110366,0.372311,0.701823,0.744825,0.272418,0.0328353,0.827268,0.261479,0.322408,0.920082
1,0.371694,0.305146,0.608535,0.403426,0.182833,0.956845,0.929041,0.222593,0.845124,0.777938,0.0570446,0.0498132,0.987831,0.783073,0.285759,0.1023,0.302431,0.229315
1,0.758867,0.752564,0.0854659,0.927965,0.729706,0.69553,0.631081,0.534199,0.402123,0.322483,0.450721,0.1561,0.735716,0.688323,0.188366,0.796319,0.66055,0.916286
1,0.937312,0.525801,0.185345,0.749136,0.850486,0.393021,0.161923,0.825045,0.0712642,0.081483,0.284431,0.0024346,0.136315,0.844958,0.192474,0.302528,0.158379,0.490355
1,0.817685,0.680569,0.320277,0.467748,0.346648,0.232797,0.29155,0.190248,0.571048,0.622464,0.252583,0.362626,0.155448,0.892321,0.470185,0.582468,0.34981,0.699033
1,0.456781,0.323067,0.674255,0.341922,0.661919,0.500309,0.603369,0.624099,0.478101,0.803243,0.995259,0.331925,0.128913,0.797666,0.812475,0.460337,0.607513,0.629483
1,0.945891,0.194052,0.39502,0.559384,0.640566,0.880721,0.858098,0.457388,0.959584,0.518741,0.814587,0.494941,0.774004,0.87687,0.18212,0.759797,0.478624,0.583029
1,0.925343,0.338594,0.786751,0.869051,0.875677,0.866783,0.0510652,0.821219,0.499082,0.309858,0.56181,0.950595,0.166275,0.367803,0.55841,0.679888,0.0200549,0.465313
1,0.445176,0.990443,0.81806,0.587411,0.541093,0.432264,0.139459,0.381174,0.873401,0.389512,0.632576,0.116197,0.403197,0.866984,0.878678,0.155291,0.124295,0.568275
1,0.0816968,0.79933,0.499263,0.311961,0.304655,0.919926,0.481232,0.461883,0.455839,0.991377,0.710746,0.618634,0.451186,0.234836,0.168832,0.135646,0.374496,0.333882
1,0.233228,0.0894427,0.920091,0.956945,0.487916,0.497787,0.110469,0.602369,0.548295,0.890843,0.535574,0.398823,0.837027,0.197059,0.661836,0.025352,0.0940547,0.113096
0,0.698562,0.749652,0.13489,0.896777,0.368485,0.603159,0.507288,0.775775,0.671462,0.634427,0.305445,0.788916,0.940204,0.242678,0.993277,0.525232,0.0639751,0.769265
1,0.207145,0.565504,0.0190136,0.571064,0.682902,0.407882,0.766287,0.441099,0.193066,0.251012,0.623529,0.673563,0.55856,0.450643,0.837323,0.39767,0.841743,0.0950602
1,0.829985,0.178756,0.712229,0.592365,0.413584,0.762364,0.626688,0.752348,0.680883,0.793911,0.199871,0.922435,0.828986,0.230377,0.498815,0.521776,0.951901,0.0561213
1,0.574838,0.722666,0.97929,0.876243,0.000858383,0.317225,0.776988,0.237588,0.878727,0.405012,0.859816,0.0866074,0.568276,0.94939,0.245301,0.01825,0.473029,0.342246
1,0.143718,0.573367,0.654092,0.629329,0.756588,0.84057,0.351817,0.610423,0.835697,0.170628,0.957197,0.458725,0.120797,0.817173,0.785127,0.915192,0.214878,0.527359
1,0.849874,0.58446,0.161104,0.823653,0.365244,0.519258,0.949189,0.0839374,0.522097,0.731341,0.577884,0.860753,0.34666,0.655854,0.671248,0.482817,0.510958,0.625267
1,0.62109,0.648057,0.722853,0.212647,0.155459,0.635197,0.839242,0.982161,0.763406,0.692677,0.38327,0.42349,0.438282,0.587814,0.74702,0.470458,0.676241,0.163119
1,0.511947,0.671476,0.538154,0.268859,0.2625,0.309356,0.724382,0.354206,0.484132,0.426175,0.446762,0.997718,0.355792,0.952638,0.597846,0.214007,0.948157,0.456663
1,0.649366,0.167627,0.129363,0.408177,0.0661662,0.659912,0.742137,0.406815,0.551702,0.784111,0.78822,0.341652,0.0411231,0.53372,0.459892,0.961959,0.869015,0.67366
1,0.751171,0.055183,0.876063,0.0317078,0.953696,0.115376,0.358328,0.855212,0.233656,0.938578,0.759927,0.605522,0.24232,0.495308,0.782511,0.778073,0.144095,0.0132487
1,0.423552,0.408844,0.849579,0.489168,0.0339348,0.240871,0.34948,0.795265,0.140854,0.0395519,0.808244,0.928896,0.305014,0.90972,0.79587,0.331507,0.919558,0.505578
1,0.191904,0.484547,0.336175,0.41252,0.184029,0.108613,0.82567,0.23245,0.258201,0.118321,0.194368,0.684312,0.156799,0.515765,0.644641,0.362988,0.787996,0.223362
1,0.205554,0.322154,0.615568,0.00856783,0.470757,0.384421,0.882596,0.207159,0.642031,0.182051,0.188467,0.108839,0.298625,0.00250876,0.130677,0.0983567,0.707488,0.155118
1,0.0351427,0.8766,0.110604,0.224991,0.373671,0.562109,0.375331,0.0790906,0.44977,0.0629005,0.76946,0.878935,0.950826,0.0464525,0.706323,0.928668,0.0969123,0.324681
1,0.350547,0.34173,0.124678,0.103381,0.695523,0.886114,0.279653,0.45479,0.719354,0.710189,0.479694,0.103523,0.105327,0.157467,0.553035,0.29573,0.923093,0.0644976
1,0.719655,0.589681,0.737138,0.484971,0.25857,0.597187,0.243137,0.445122,0.512003,0.175029,0.206472,0.89854,0.59066,0.788372,0.445075,0.903216,0.788965,0.820661
1,0.341689,0.388687,0.890669,0.32072,0.435795,0.560228,0.487801,0.0914087,0.288359,0.810932,0.151769,0.781068,0.91445,0.544896,0.733622,0.498041,0.44004,0.980088
1,0.212629,0.083611,0.176281,0.618705,0.0947368,0.181755,0.0288182,0.804748,0.341918,0.239205,0.0464314,0.325082,0.41878,0.52935,0.791357,0.419112,0.994421,0.424921
1,0.262046,0.0650321,0.447114,0.496247,0.175722,0.721024,0.39187,0.96969,0.105087,0.113305,0.941273,0.222761,0.379013,0.225286,0.8394,0.057976,0.465003,0.278877
1,0.571972,0.888115,0.210388,0.205022,0.785644,0.621422,0.101143,0.736078,0.838993,0.503108,0.2291,0.966471,0.168589,0.970117,0.626723,0.0622892,0.742271,0.7894
0,0.87432,0.959262,0.511062,0.171416,0.448644,0.470977,0.171461,0.387675,0.819078,0.145229,0.0236518,0.149423,0.827579,0.810977,0.97472,0.312953,0.493811,0.241878
0,0.736897,0.659486,0.482061,0.725962,0.981868,0.420398,0.585587,0.0672585,0.44175,0.287824,0.560787,0.51517,0.582027,0.0183735,0.226471,0.237969,0.117642,0.141094
1,0.655486,0.638421,0.371066,0.456709,0.555877,0.381709,0.644957,0.153338,0.500825,0.281747,0.239247,0.414748,0.760238,0.132335,0.947334,0.987651,0.0434699,0.40633
1,0.315297,0.776543,0.486237,0.744385,0.313723,0.512171,0.0620677,0.724349,0.506506,0.210257,0.133454,0.247021,0.00862651,0.302427,0.562475,0.850439,0.782446,0.670899
1,0.144532,0.620245,0.97409,0.244764,0.938732,0.0686895,0.127477,0.0165207,0.243553,0.910558,0.910759,0.219332,0.0295629,0.567295,0.968456,0.29421,0.154862,0.929336
1,0.101555,0.499005,0.851465,0.159201,0.276216,0.0628956,0.187086,0.836262,0.977719,0.273351,0.610731,0.886459,0.197216,0.349575,0.659408,0.000890658,0.969418,0.345341
1,0.710191,0.0802141,0.404242,0.64736,0.915713,0.15444,0.614667,0.329726,0.279505,0.488782,0.680231,0.820551,0.740144,0.402157,0.921411,0.1997,0.0157825,0.0760745
1,0.392532,0.15595,0.0402331,0.535631,0.0885897,0.0477816,0.96375,0.0295329,0.293696,0.591742,0.827948,0.0282646,0.458621,0.596637,0.938015,0.620209,0.0552564,0.16891
1,0.090576,0.688366,0.148453,0.345999,0.520858,0.961267,0.0840596,0.470789,0.788637,0.659405,0.248957,0.990095,0.425995,0.293008,0.619823,0.113544,0.0359882,0.0475557
1,0.0629495,0.206038,0.114978,0.574029,0.482377,0.342907,0.553145,0.757963,0.0113606,0.740812,0.671994,0.00895042,0.972263,0.246553,0.704075,0.352122,0.688565,0.964728
0,0.853904,0.482306,0.680326,0.659939,0.604119,0.612794,0.421901,0.0743877,0.990409,0.88183,0.295211,0.794997,0.314098,0.148697,0.173373,0.257976,0.203475,0.924443
1,0.234202,0.108707,0.232447,0.524245,0.831835,0.485881,0.635356,0.744011,0.336376,0.094359,0.343702,0.449622,0.58877,0.00947867,0.263442,0.191914,0.497053,0.891702
1,0.537934,0.476314,0.470653,0.198843,0.00815425,0.723673,0.66648,0.00168075,0.0443496,0.32838,0.660104,0.627966,0.725478,0.934689,0.717905,0.492509,0.817087,0.286295
1,0.331921,0.185258,0.827162,0.439878,0.0803412,0.986152,0.26772,0.959627,0.637492,0.797685,0.873294,0.595914,0.354771,0.662433,0.463982,0.633387,0.401534,0.389078
1,0.986589,0.664733,0.866125,0.714386,0.217052,0.973378,0.86678,0.714038,0.332335,0.856553,0.798897,0.454831,0.225432,0.0391146,0.651393,0.88709,0.718986,0.603562
0,0.887865,0.841339,0.29652,0.95326,0.890664,0.578352,0.153167,0.883703,0.374567,0.561647,0.124858,0.558633,0.201386,0.215716,0.476244,0.0834341,0.247647,0.412939
1,0.281917,0.152852,0.836313,0.769417,0.974603,0.456731,0.778829,0.42883,0.177175,0.988248,0.0510565,0.0611354,0.115323,0.644309,0.764297,0.323326,0.877055,0.540301
1,0.0183409,0.489046,0.645849,0.221346,0.593607,0.509785,0.397831,0.340045,0.362865,0.23063,0.0613304,0.722817,0.803415,0.973776,0.437815,0.0442846,0.112591,0.638357
1,0.438595,0.856036,0.0823907,0.549444,0.247162,0.21486,0.97701,0.642468,0.903176,0.386101,0.918722,0.742095,0.2589,0.0373982,0.711733,0.368062,0.398467,0.606437
1,0.822618,0.298179,0.688734,0.99394,0.210464,0.024378,0.112219,0.00994397,0.309594,0.745463,0.539202,0.605885,0.524937,0.385154,0.642396,0.560018,0.914044,0.547439
1,0.221677,0.767923,0.365955,0.859419,0.746208,0.747149,0.959217,0.658293,0.130017,0.0304887,0.937647,0.165922,0.0634364,0.0128097,0.85132,0.833376,0.857848,0.67838
1,0.727747,0.440941,0.895606,0.369404,0.623435,0.834089,0.616859,0.282931,0.188194,0.19096,0.111342,0.0909756,0.476014,0.61196,0.396462,0.144984,0.407971,0.188219
1,0.764097,0.138629,0.455829,0.846745,0.810821,0.708167,0.914299,0.317887,0.324561,0.839184,0.92657,0.386575,0.962915,0.712883,0.293581,0.665544,0.900744,0.797435
0,0.626563,0.816333,0.161814,0.481314,0.76226,0.083241,0.0125619,0.418744,0.684705,0.979727,0.0994495,0.488698,0.643533,0.18185,0.10684,0.391056,0.567327,0.726631
1,0.151311,0.704704,0.239547,0.783364,0.884157,0.0990263,0.954429,0.316363,0.747127,0.526621,0.108782,0.657818,0.279214,0.635621,0.0898439,0.0937202,0.271984,0.357052
1,0.187761,0.0408159,0.322789,0.44865,0.0747266,0.301629,0.736361,0.904958,0.706921,0.965498,0.731224,0.827631,0.539319,0.20403,0.0236395,0.512768,0.104807,0.809301
1,0.119935,0.00310466,0.264193,0.936009,0.511536,0.479419,0.563392,0.614566,0.99519,0.073566,0.332543,0.712046,0.814073,0.557834,0.342823,0.0375581,0.588043,0.653371
1,0.347871,0.247513,0.825087,0.104382,0.644372,0.348581,0.81716,0.572719,0.738968,0.231946,0.134547,0.470683,0.273035,0.694123,0.852758,0.292342,0.772436,0.14831
1,0.161031,0.314261,0.0278173,0.273993,0.346503,0.00431191,0.881765,0.21636,0.450945,0.0954875,0.267655,0.121657,0.0805038,0.589393,0.176874,0.471762,0.763559,0.319652
1,0.667951,0.960458,0.375774,0.887335,0.405682,0.1659,0.695877,0.267805,0.352791,0.482086,0.631642,0.181234,0.357764,0.933785,0.97946,0.547773,0.699415,0.53788
0,0.904022,0.870845,0.674137,0.206964,0.470478,0.957069,0.254233,0.592758,0.87137,0.0885174,0.709924,0.0382127,0.351378,0.253013,0.765091,0.264139,0.951246,0.977918
1,0.102744,0.752122,0.669128,0.703405,0.248705,0.281889,0.603434,0.729505,0.67689,0.276265,0.661212,0.762196,0.0715531,0.112864,0.926807,0.155747,0.729612,0.111089
1,0.294478,0.591144,0.135741,0.12581,0.293424,0.191608,0.484264,0.875608,0.0877542,0.613847,0.731381,0.979602,0.465841,0.7357,0.644404,0.350041,0.796847,0.598043
1,0.664442,0.908066,0.597397,0.572775,0.692225,0.10756,0.316309,0.123964,0.067403,0.122812,0.253838,0.962965,0.190102,0.352642,0.360198,0.222584,0.747819,0.680341
1,0.181923,0.494364,0.711681,0.997673,0.843794,0.408866,0.659351,0.542173,0.829519,0.0660898,0.62001,0.131261,0.918763,0.875926,0.296322,0.649885,0.124715,0.208381
1,0.803371,0.723828,0.336714,0.356806,0.775377,0.177714,0.496415,0.954428,0.609087,0.676326,0.222499,0.708561,0.421192,0.987847,0.89841,0.947493,0.758722,0.938619
1,0.2664,0.0827508,0.484018,0.231745,0.825115,0.526184,0.947885,0.705843,0.0334115,0.101028,0.412451,0.232935,0.231921,0.659597,0.197834,0.985494,0.475975,0.880389
1,0.203931,0.900301,0.849752,0.822852,0.0748835,0.45337,0.911466,0.249896,0.0429546,0.177047,0.172583,0.794938,0.706795,0.797237,0.139874,0.0141082,0.360189,0.577646
1,0.142244,0.299489,0.0694614,0.767205,0.350732,0.391613,0.350758,0.995809,0.925927,0.110182,0.293152,0.168423,0.687818,0.484838,0.86518,0.503913,0.189353,0.190576
1,0.822376,0.929742,0.63638,0.774029,0.0697864,0.952202,0.458393,0.862606,0.020849,0.0445296,0.828699,0.46516,0.52856,0.950145,0.205371,0.0309955,0.640997,0.0461425
1,0.0191846,0.860625,0.873802,0.782225,0.464866,0.910134,0.196107,0.844097,0.268916,0.019087,0.435962,0.882607,0.298536,0.518207,0.944252,0.922732,0.0298528,0.153159
1,0.642185,0.651966,0.739456,0.896325,0.422512,0.422112,0.957936,0.177483,0.380694,0.598881,0.995151,0.0451761,0.9774,0.861457,0.383424,0.524025,0.834855,0.835981
0,0.880959,0.678216,0.323977,0.350468,0.196893,0.425408,0.369372,0.746437,0.375007,0.660779,0.447702,0.424052,0.613884,0.25961,0.835656,0.452125,0.184532,0.726231
1,0.761362,0.702332,0.783317,0.797254,0.437541,0.995605,0.182079,0.780531,0.00855967,0.735173,0.188775,0.0434786,0.0922235,0.125752,0.246377,0.930186,0.367511,0.752852
1,0.984048,0.421475,0.260317,0.441623,0.194055,0.573111,0.639119,0.115726,0.155998,0.0513205,0.231822,0.811463,0.624825,0.881909,0.821535,0.777505,0.956532,0.887727
1,0.0575381,0.371859,0.239597,0.237271,0.844611,0.771142,0.305731,0.678423,0.214955,0.914452,0.773147,0.784688,0.916233,0.0807305,0.189166,0.594975,0.521234,0.34557
1,0.0472299,0.669931,0.960615,0.450289,0.18833,0.8394,0.169067,0.617892,0.85073,0.11616,0.887463,0.635818,0.199537,0.679645,0.82604,0.748127,0.322601,0.845037
1,0.331535,0.511245,0.236138,0.633367,0.61506,0.622596,0.905728,0.932018,0.249982,0.326847,0.214703,0.751437,0.73088,0.635976,0.486752,0.276067,0.151071,0.874093
1,0.629165,0.936072,0.952169,0.297276,0.544134,0.794967,0.848583,0.297503,0.567649,0.408973,0.0694863,0.543988,0.370288,0.836769,0.678909,0.852241,0.86086,0.792058
1,0.596753,0.0292222,0.576373,0.662361,0.0512342,0.200652,0.0928075,0.642329,0.058716,0.204501,0.0373602,0.397835,0.565633,0.696778,0.810641,0.111824,0.742433,0.665292
1,0.889856,0.337014,0.267667,0.146293,0.611027,0.607979,0.932884,0.100847,0.647992,0.6394,0.493841,0.278881,0.838653,0.0485407,0.576465,0.133334,0.727012,0.024779
1,0.655647,0.712007,0.643306,0.602248,0.548332,0.478596,0.691802,0.74166,0.626879,0.715417,0.0988679,0.450471,0.0133308,0.287965,0.811486,0.611515,0.273716,0.36662
0,0.739009,0.881179,0.391904,0.055915,0.116662,0.0188907,0.248131,0.672578,0.169497,0.506724,0.508083,0.50589,0.805469,0.551627,0.148083,0.342034,0.119806,0.917162
1,0.916637,0.384296,0.583198,0.657587,0.869297,0.65919,0.985272,0.937744,0.894337,0.865547,0.306271,0.774986,0.496498,0.359321,0.181798,0.345547,0.228957,0.221349
1,0.474681,0.411534,0.923706,0.610101,0.739776,0.651408,0.927093,0.396542,0.888477,0.251308,0.305146,0.835319,0.155243,0.832492,0.154345,0.480436,0.267436,0.540282
1,0.940834,0.572661,0.440571,0.202821,0.998944,0.756146,0.234254,0.322156,0.616809,0.260423,0.694949,0.849163,0.0439304,0.784801,0.631047,0.37197,0.175243,0.186461
1,0.563716,0.0934672,0.160932,0.968384,0.598449,0.992505,0.527007,0.037966,0.911902,0.0131051,0.389601,0.308645,0.67387,0.573487,0.252139,0.40053,0.0464086,0.796432
1,0.384707,0.0391094,0.339599,0.570648,0.522721,0.731495,0.989054,0.357092,0.707248,0.209178,0.326066,0.0087347,0.889395,0.662411,0.380452,0.512597,0.61024,0.958029
1,0.745755,0.809492,0.291883,0.960685,0.897129,0.0510427,0.598251,0.256331,0.532689,0.629363,0.0888136,0.0331442,0.482926,0.0551092,0.560793,0.488743,0.411851,0.856649
1,0.470853,0.760938,0.23149,0.387352,0.581273,0.713967,0.439634,0.922298,0.277457,0.952211,0.370288,0.401796,0.7675,0.866948,0.933209,0.321188,0.17995,0.47263
1,0.555162,0.348562,0.351688,0.618197,0.863873,0.104125,0.787316,0.853842,0.827691,0.0775067,0.75805,0.504778,0.60307,0.297659,0.969548,0.0208377,0.557648,0.526361
1,0.558515,0.304298,0.20689,0.937726,0.172137,0.0985989,0.276764,0.838234,0.807055,0.767197,0.949863,0.387742,0.704445,0.899291,0.735423,0.753626,0.00882285,0.687284
1,0.280235,0.61604,0.903173,0.095171,0.390351,0.488833,0.0994624,0.534661,0.747439,0.196774,0.990553,0.266929,0.743249,0.991031,0.0770647,0.691834,0.971464,0.234573
0,0.981675,0.977894,0.0943856,0.120069,0.925438,0.233924,0.569009,0.756128,0.239041,0.29493,0.940612,0.101574,0.409932,0.727161,0.0357471,0.205246,0.133672,0.824574
1,0.0869209,0.570111,0.813367,0.113996,0.571116,0.721916,0.85472,0.465594,0.0726644,0.216751,0.58102,0.0731806,0.969762,0.337096,0.908716,0.837053,0.792422,0.722053
1,0.615374,0.469075,0.365987,0.328324,0.117893,0.382982,0.390613,0.365673,0.628103,0.344545,0.116492,0.866613,0.977893,0.504014,0.0906861,0.890546,0.0240717,0.709211
0,0.908603,0.546623,0.828465,0.258335,0.629621,0.0735994,0.334935,0.0292049,0.264651,0.130113,0.871151,0.21679,0.578395,0.271221,0.416923,0.254057,0.401288,0.0397514
1,0.0163674,0.728032,0.458064,0.629857,0.143797,0.372503,0.682731,0.238651,0.720878,0.399115,0.501221,0.71287,0.331206,0.848008,0.80302,0.674749,0.612375,0.969469
1,0.0639825,0.598422,0.530001,0.457354,0.361116,0.828244,0.534984,0.494635,0.518908,0.777733,0.454033,0.659845,0.402295,0.671177,0.959958,0.0689116,0.149598,0.332331
1,0.923358,0.0258782,0.419065,0.430766,0.52825,0.263455,0.00766667,0.303464,0.901134,0.117651,0.297488,0.733015,0.3442,0.90617,0.13254,0.882522,0.600354,0.582209
1,0.170844,0.475238,0.490735,0.135759,0.66258,0.0574444,0.160144,0.624372,0.612533,0.236213,0.98733,0.414722,0.788341,0.022418,0.495264,0.212954,0.349003,0.785378
1,0.590565,0.215672,0.702605,0.83761,0.0283371,0.149589,0.617822,0.870372,0.95679,0.545823,0.601299,0.275856,0.864089,0.00680263,0.105434,0.425218,0.827257,0.398293
1,0.713266,0.361708,0.360131,0.900579,0.770371,0.571773,0.937407,0.427482,0.236838,0.885329,0.840437,0.686895,0.634521,0.557665,0.754862,0.0859755,0.934018,0.669536
1,0.464442,0.35111,0.301637,0.46637,0.263121,0.0666768,0.14774,0.772106,0.302081,0.0374322,0.145174,0.0976526,0.061369,0.333053,0.56648,0.434047,0.101332,0.0866336
1,0.37598,0.818756,0.81022,0.541949,0.405164,0.898075,0.729471,0.668281,0.939704,0.186825,0.913275,0.531636,0.217746,0.434889,0.92168,0.380026,0.522258,0.501645
1,0.835612,0.500745,0.571234,0.181394,0.0120429,0.383639,0.405899,0.97369,0.490389,0.386945,0.702082,0.302742,0.962115,0.918081,0.363025,0.632696,0.388587,0.116597
1,0.146536,0.442065,0.761277,0.471866,0.492871,0.68677,0.0870407,0.777557,0.817481,0.813312,0.120348,0.830848,0.905544,0.405013,0.0669248,0.476083,0.942685,0.13401
1,0.0698304,0.156311,0.0806425,0.42546,0.239157,0.582643,0.0784723,0.947752,0.083093,0.338775,0.569142,0.290177,0.925266,0.323698,0.471846,0.734746,0.341565,0.97304
1,0.870579,0.454674,0.89427,0.0118552,0.28264,0.943005,0.555407,0.411043,0.875675,0.483847,0.207331,0.0156654,0.54736,0.119795,0.436438,0.408788,0.853762,0.0207637
1,0.407352,0.262537,0.547113,0.563503,0.968181,0.494137,0.977989,0.579348,0.919423,0.579786,0.925751,0.974852,0.647656,0.0119239,0.452617,0.428081,0.922735,0.387452
1,0.22361,0.426906,0.692137,0.217668,0.659815,0.468329,0.688746,0.4888,0.133838,0.178897,0.536795,0.694131,0.0462642,0.470751,0.710314,0.993312,0.452985,0.649063
1,0.949529,0.530544,0.465343,0.668566,0.376352,0.354478,0.886331,0.468234,0.636721,0.271263,0.197013,0.808807,0.984926,0.579505,0.354365,0.716597,0.819686,0.507921
1,0.522286,0.288051,0.981506,0.334804,0.792427,0.293332,0.778445,0.631523,0.285418,0.402093,0.169961,0.854167,0.128889,0.185076,0.627585,0.81921,0.0736434,0.266379
1,0.627525,0.253132,0.0390831,0.765335,0.256015,0.945511,0.414964,0.342747,0.796349,0.342376,0.576511,0.124303,0.176651,0.130492,0.59412,0.764634,0.827804,0.952923
1,0.884722,0.624301,0.113689,0.976176,0.873355,0.509052,0.329187,0.63555,0.553999,0.882736,0.790748,0.719346,0.118662,0.628321,0.475086,0.562572,0.97672,0.324461
1,0.500599,0.277526,0.521338,0.372239,0.561641,0.702167,0.37527,0.75177,0.447518,0.535884,0.0176538,0.581924,0.989985,0.390426,0.281665,0.996082,0.0177409,0.961447
1,0.416494,0.836419,0.735131,0.0637501,0.0064964,0.761902,0.189477,0.524432,0.776503,0.946905,0.645526,0.599674,0.50969,0.275761,0.744239,0.864749,0.704122,0.922457
1,0.51171,0.661924,0.469432,0.805303,0.80632,0.971167,0.811572,0.054232,0.387503,0.359864,0.460489,0.345397,0.146698,0.684888,0.322049,0.634996,0.395029,0.554679
1,0.487059,0.543549,0.709914,0.714643,0.267494,0.565613,0.860771,0.597583,0.760393,0.797279,0.936349,0.368561,0.0980853,0.214706,0.276166,0.571364,0.362373,0.275504
1,0.795572,0.581307,0.314835,0.475805,0.10183,0.595686,0.432461,0.311303,0.669665,0.984423,0.48038,0.758273,0.115299,0.742109,0.058388,0.559389,0.813439,0.46571
1,0.029674,0.765069,0.503872,0.645791,0.047242,0.638945,0.540829,0.0800229,0.475586,0.570706,0.338053,0.74353,0.752362,0.10233,0.654078,0.0607622,0.685605,0.759411
1,0.499397,0.220238,0.171899,0.625887,0.412758,0.672783,0.615496,0.379483,0.0534735,0.0811219,0.426909,0.323293,0.180489,0.652058,0.338704,0.374086,0.905545,0.203932
1,0.0236062,0.234274,0.140025,0.784114,0.750818,0.274501,0.792801,0.3111,0.949374,0.189263,0.738725,0.200724,0.839691,0.626214,0.522711,0.610287,0.496147,0.000262623
1,0.453363,0.0967261,0.223834,0.250772,0.961914,0.778301,0.454327,0.988598,0.76536,0.373888,0.920885,0.860785,0.85638,0.904239,0.507426,0.0255497,0.590664,0.655038
1,0.229996,0.898676,0.694673,0.319485,0.787094,0.646577,0.18644,0.433246,0.701673,0.780471,0.0588631,0.558369,0.778601,0.763673,0.0511008,0.301931,0.897348,0.929953
1,0.507061,0.124989,0.397506,0.940875,0.818894,0.401458,0.726404,0.510348,0.542173,0.764925,0.46714,0.49938,0.570206,0.0577106,0.270643,0.847703,0.531728,0.729117
1,0.0963636,0.405112,0.383684,0.7282,0.557473,0.226595,0.572385,0.0148809,0.103236,0.412294,0.472706,0.651613,0.608906,0.674814,0.858265,0.80629,0.845735,0.125829
1,0.39091,0.481451,0.729442,0.794123,0.0973208,0.0795869,0.0642918,0.093171,0.680182,0.965443,0.762595,0.524885,0.427581,0.307197,0.704917,0.707861,0.488367,0.585033
1,0.379701,0.463153,0.54045,0.307219,0.798956,0.218533,0.386301,0.958022,0.313143,0.663792,0.550491,0.0595926,0.457513,0.373731,0.206415,0.0973098,0.422113,0.459691
1,0.645146,0.74896,0.451616,0.223927,0.317565,0.708296,0.627475,0.571772,0.421584,0.80054,0.955196,0.550708,0.0342961,0.069697,0.0273456,0.532676,0.245335,0.429879
1,0.206935,0.854503,0.275652,0.850838,0.717464,0.0885882,0.974358,0.223561,0.257285,0.553772,0.245979,0.826927,0.68208,0.704099,0.168094,0.784467,0.00409306,0.498645
1,0.934813,0.196743,0.6823,0.322342,0.00188918,0.754481,0.505017,0.735163,0.16424,0.0599529,0.65139,0.490304,0.443446,0.028134,0.106589,0.869395,0.464121,0.175782
1,0.0108278,0.232087,0.473796,0.00197215,0.987713,0.664731,0.588254,0.29055,0.205394,0.240955,0.316982,0.141577,0.92945,0.599414,0.595217,0.906911,0.580693,0.161066
1,0.610272,0.20744,0.819977,0.552236,0.980207,0.690508,0.505927,0.334097,0.0288306,0.992842,0.512512,0.902926,0.134349,0.221084,0.158596,0.793951,0.478123,0.492084
1,0.516961,0.962823,0.527265,0.34331,0.860838,0.297691,0.299831,0.80594,0.991472,0.572675,0.463851,0.193914,0.537696,0.451769,0.972711,0.0913427,0.057113,0.819924
1,0.342484,0.00624983,0.688058,0.438594,0.514715,0.308177,0.590764,0.587743,0.357531,0.50406,0.893615,0.390113,0.522634,0.179817,0.657983,0.589527,0.754801,0.564575
1,0.258795,0.951451,0.174004,0.945407,0.298733,0.937822,0.512185,0.5448,0.506244,0.138637,0.805466,0.782615,0.878643,0.362988,0.235491,0.506836,0.67649,0.593071
1,0.927927,0.621089,0.498511,0.303224,0.162428,0.432369,0.101964,0.910235,0.805387,0.461148,0.640479,0.0198309,0.335795,0.466479,0.24368,0.96769,0.0938325,0.437397
1,0.68981,0.328687,0.977121,0.156898,0.902544,0.812471,0.0741666,0.418459,0.724183,0.683846,0.968001,0.664103,0.847729,0.6401,0.582007,0.420025,0.0950279,0.514397
1,0.248297,0.739771,0.658541,0.993971,0.152027,0.196783,0.106831,0.795967,0.333086,0.0892067,0.805863,0.607908,0.0570023,0.751165,0.601199,0.933743,0.693468,0.169115
1,0.0378918,0.990519,0.592573,0.593763,0.855545,0.329176,0.284524,0.723086,0.145085,0.473331,0.52303,0.600533,0.724052,0.241928,0.042108,0.536824,0.709044,0.446555
1,0.574971,0.152417,0.0503067,0.549982,0.519282,0.863379,0.99893,0.711863,0.714208,0.704239,0.96544,0.669018,0.139169,0.891037,0.489856,0.233513,0.654409,0.746954
1,0.221992,0.861822,0.898384,0.035001,0.648552,0.130746,0.655329,0.964894,0.856571,0.944125,0.0403888,0.620689,0.37272,0.800717,0.774952,0.815042,0.76884,0.0564406
1,0.117878,0.506362,0.938071,0.862055,0.534569,0.438419,0.739869,0.186136,0.581128,0.249996,0.769351,0.6306,0.0169729,0.811581,0.798177,0.541734,0.168766,0.774692
1,0.794202,0.0871013,0.178027,0.526604,0.486632,0.0356917,0.482287,0.822262,0.111025,0.722831,0.559079,0.577277,0.668652,0.539847,0.551917,0.76815,0.663375,0.631904
1,0.442698,0.181215,0.785057,0.677276,0.838844,0.159211,0.0301164,0.22188,0.575561,0.435147,0.429959,0.147092,0.871213,0.139551,0.586808,0.0417739,0.627038,0.382205
1,0.604274,0.0136897,0.0205506,0.499304,0.815354,0.592449,0.863679,0.129054,0.193048,0.635245,0.852188,0.748406,0.959875,0.524044,0.987117,0.914304,0.277974,0.340787
1,0.917928,0.269368,0.752248,0.686799,0.356055,0.0101767,0.0182126,0.814816,0.367024,0.729117,0.100964,0.0615164,0.511774,0.23831,0.870144,0.306656,0.433082,0.0712151
0,0.956882,0.736501,0.152274,0.489809,0.312785,0.0910584,0.220206,0.766322,0.224436,0.523498,0.350767,0.941288,0.660636,0.777866,0.332633,0.917122,0.255027,0.480801
1,0.61992,0.18585,0.252927,0.199147,0.941072,0.518783,0.319471,0.702123,0.289406,0.144965,0.901474,0.487688,0.655043,0.144613,0.427585,0.58768,0.569669,0.903972
1,0.125499,0.70773,0.479624,0.165074,0.158409,0.466025,0.701945,0.146734,0.58855,0.215681,0.157364,0.870028,0.53895,0.771205,0.256712,0.899893,0.629012,0.223182
1,0.0390601,0.789472,0.100869,0.0767584,0.992931,0.983941,0.204307,0.475561,0.131343,0.893282,0.222072,0.00128153,0.310339,0.729815,0.937951,0.802506,0.868053,0.0333635
1,0.478391,0.0348844,0.428486,0.868366,0.1317,0.243024,0.425176,0.275614,0.179393,0.817978,0.239688,0.519286,0.0322733,0.566691,0.500222,0.294796,0.447885,0.69332
1,0.270209,0.812742,0.586662,0.0271609,0.681172,0.535065,0.749929,0.683764,0.0992928,0.836561,0.819028,0.0850015,0.908195,0.854771,0.668615,0.190561,0.381827,0.285892
0,0.760379,0.969529,0.0464245,0.368554,0.0932697,0.91951,0.869802,0.434375,0.565342,0.316268,0.139246,0.481637,0.665316,0.0404255,0.689713,0.446805,0.712314,0.127983
1,0.00187021,0.108256,0.72455,0.398611,0.200438,0.134774,0.227136,0.0774682,0.78276,0.592842,0.150918,0.896464,0.503166,0.965037,0.844457,0.581349,0.637655,0.0629039
1,0.896434,0.675069,0.748663,0.484722,0.929033,0.0126583,0.448481,0.121607,0.734466,0.717631,0.280408,0.888537,0.713305,0.49745,0.372029,0.952488,0.546124,0.484882
1,0.728878,0.998372,0.381372,0.406668,0.593533,0.820767,0.116271,0.528449,0.840549,0.960545,0.676739,0.475427,0.872487,0.507361,0.41138,0.740819,0.786422,0.195858
1,0.421672,0.776998,0.129901,0.248318,0.946295,0.272089,0.836931,0.243797,0.503707,0.671488,0.395896,0.592978,0.854877,0.0949002,0.699627,0.229775,0.206712,0.232633
1,0.697956,0.566538,0.602045,0.1534,0.37094,0.916205,0.607886,0.180734,0.882823,0.832438,0.0749747,0.235206,0.184785,0.167604,0.0830752,0.798535,0.505769,0.259376
1,0.397019,0.0709741,0.885362,0.692255,0.382775,0.924835,0.293287,0.554447,0.20938,0.171363,0.261769,0.735608,0.345367,0.161559,0.0956921,0.0650487,0.214982,0.528375
1,0.235946,0.887568,0.609339,0.417184,0.677663,0.850879,0.20899,0.941736,0.34643,0.00700591,0.0284979,0.682978,0.796063,0.00369231,0.135426,0.178032,0.805768,0.841355
1,0.966494,0.258628,0.967974,0.726584,0.440961,0.633708,0.279531,0.0218219,0.340959,0.619931,0.178049,0.936478,0.518495,0.614006,0.439253,0.102906,0.300663,0.767194
1,0.335522,0.239936,0.0655726,0.74046,0.309688,0.803356,0.467325,0.0861005,0.176107,0.994918,0.375472,0.0522028,0.630007,0.982722,0.617213,0.120198,0.264788,0.119264
1,0.436968,0.306491,0.908159,0.736176,0.704225,0.541528,0.322802,0.721685,0.42987,0.513413,0.109101,0.694459,0.995612,0.827272,0.403432,0.574838,0.584562,0.452357
1,0.287043,0.0035123,0.405925,0.84852,0.908555,0.0403956,0.174568,0.792453,0.0495467,0.605617,0.837202,0.241061,0.248626,0.0365567,0.0293838,0.13911,0.978701,0.359742
1,0.432107,0.379062,0.0583181,0.0714828,0.181131,0.869662,0.920852,0.511235,0.653047,0.855193,0.638651,0.844116,0.387814,0.388239,0.548031,0.356124,0.438771,0.742075
1,0.154345,0.495892,0.850294,0.557203,0.399206,0.315421,0.476278,0.661139,0.119829,0.56652,0.161704,0.314647,0.381871,0.811075,0.534228,0.0770154,0.501631,0.417323
0,0.783335,0.892363,0.802123,0.984419,0.212193,0.808875,0.264226,0.969816,0.144152,0.741067,0.385611,0.071712,0.935856,0.227156,0.567388,0.0490702,0.375561,0.10441
1,0.360608,0.557116,0.944252,0.478799,0.731911,0.513568,0.961204,0.917351,0.0118531,0.459438,0.378552,0.460535,0.0275543,0.248324,0.785868,0.874546,0.962735,0.247464
1,0.353073,0.976928,0.0878189,0.811697,0.0607127,0.614588,0.96789,0.351553,0.441051,0.601437,0.333057,0.185303,0.250442,0.583834,0.284573,0.491178,0.166022,0.622016
1,0.051491,0.145372,0.63038,0.753984,0.10857,0.981814,0.378163,0.614405,0.481149,0.493238,0.826432,0.587757,0.940122,0.566471,0.726706,0.554594,0.572747,0.871987
0,0.0798258,0.203324,0.77197,0.139414,0.0211068,0.168604,0.564577,0.326451,0.412705,0.938722,0.443985,0.208908,0.688998,0.945916,0.00403013,0.038272,0.0660662,0.736864
1,0.137378,0.65801,0.0343489,0.0928176,0.251271,0.873911,0.493678,0.108778,0.694077,0.164773,0.496583,0.768489,0.430968,0.200927,0.459193,0.16235,0.112744,0.0532355
1,0.540156,0.411071,0.833445,0.24432,0.305401,0.121227,0.648148,0.414485,0.405929,0.823791,0.565738,0.968573,0.486068,0.017614,0.374522,0.855736,0.306999,0.0120724
1,0.317752,0.609583,0.31949,0.211962,0.668094,0.78367,0.152953,0.821482,0.983729,0.858349,0.0521266,0.512402,0.100102,0.715235,0.183737,0.830007,0.989524,0.244427
1,0.324435,0.721683,0.19545,0.924606,0.881456,0.111448,0.34124,0.230902,0.644288,0.751966,0.608451,0.261923,0.617319,0.749628,0.124788,0.703362,0.0418452,0.315523
1,0.183933,0.43734,0.285545,0.0823544,0.552145,0.258568,0.122338,0.0407239,0.975787,0.310362,0.741989,0.960359,0.434486,0.0940968,0.390292,0.729261,0.318428,0.142756
1,0.652824,0.432891,0.425833,0.513422,0.125724,0.554324,0.54895,0.87793,0.422339,0.431624,0.406682,0.915345,0.414642,0.345102,0.892946,0.148014,0.298068,0.942027
1,0.532635,0.822422,0.247563,0.313043,0.620363,0.216541,0.87758,0.136797,0.253554,0.683212,0.203744,0.288497,0.83296,0.604863,0.886002,0.694696,0.909135,0.4133
1,0.0911617,0.0748673,0.16509,0.348358,0.757031,0.880364,0.0347814,0.559067,0.862127,0.975203,0.863311,0.820539,0.362866,0.820267,0.674526,0.60365,0.988495,0.913295
0,0.967232,0.642815,0.661939,0.381564,0.457069,0.58506,0.708472,0.448778,0.899023,0.981365,0.958853,0.875473,0.946544,0.0857939,0.87764,0.642689,0.224463,0.298613
1,0.709222,0.772143,0.99725,0.19409,0.496495,0.0472363,0.464068,0.69678,0.786436,0.454626,0.933071,0.0806299,0.223052,0.423735,0.755844,0.398337,0.733834,0.660656
1,0.492597,0.375189,0.0727825,0.979013,0.832549,0.746757,0.556796,0.280424,0.460566,0.469541,0.691356,0.195723,0.74879,0.208734,0.120488,0.246483,0.866609,0.802488
1,0.846193,0.389784,0.916041,0.964459,0.780976,0.975642,0.841243,0.913231,0.38987,0.748607,0.876916,0.571627,0.326669,0.0749392,0.994088,0.841022,0.0781827,0.0755433
1,0.677213,0.635569,0.109793,0.615371,0.232059,0.141934,0.0703424,0.804358,0.196904,0.530951,0.192809,0.429451,0.80912,0.231021,0.517388,0.620842,0.996129,0.302259
1,0.830873,0.874048,0.220071,0.80931,0.935033,0.743757,0.7735,0.99423,0.397148,0.152582,0.799013,0.997044,0.0879395,0.923808,0.216878,0.682754,0.536075,0.00771803
1,0.07553,0.786833,0.34969,0.29142,0.883441,0.776777,0.119931,0.00984462,0.187541,0.496379,0.788887,0.339764,0.448153,0.394942,0.428549,0.284203,0.467604,0.161174
1,0.537677,0.447557,0.844069,0.177022,0.0372798,0.529162,0.753003,0.161867,0.793861,0.91855,0.346242,0.790146,0.75956,0.319982,0.82908,0.388648,0.350352,0.715673
1,0.808675,0.357042,0.0128111,0.599547,0.177581,0.126837,0.763115,0.606587,0.46544,0.691356,0.0660988,0.377258,0.105607,0.757512,0.949646,0.197627,0.459818,0.305932
1,0.815117,0.587942,0.562619,0.271723,0.76136,0.232417,0.638037,0.201023,0.982215,0.370801,0.849556,0.332243,0.589064,0.483082,0.227573,0.00274896,0.679975,0.516867
1,0.775801,0.688815,0.00312967,0.706781,0.448408,0.695838,0.417705,0.893614,0.686808,0.783751,0.519879,0.136856,0.240399,0.261542,0.444906,0.52128,0.23765,0.549607
0,0.637378,0.628366,0.126606,0.679712,0.082718,0.254159,0.272035,0.0617716,0.113179,0.877232,0.97878,0.908145,0.813522,0.536835,0.54137,0.624387,0.891205,0.625596
1,0.781984,0.0656029,0.756445,0.718616,0.951757,0.932811,0.228893,0.898855,0.8165,0.870751,0.00328199,0.54994,0.775843,0.977596,0.083731,0.16922,0.0709453,0.292033
1,0.736351,0.131384,0.620993,0.830793,0.912623,0.628168,0.0046585,0.160471,0.00323098,0.647858,0.542182,0.801094,0.238182,0.721547,0.304581,0.364232,0.198845,0.283192
1,0.304717,0.646315,0.214829,0.913768,0.508741,0.249935,0.0547977,0.0239604,0.932713,0.844023,0.683191,0.336407,0.0548961,0.491034,0.881147,0.458098,0.242479,0.810463
1,0.173674,0.550204,0.368729,0.0838282,0.722388,0.0617377,0.672775,0.493664,0.229607,0.971579,0.315048,0.226912,0.202376,0.18899,0.532081,0.783236,0.289565,0.607574
1,0.276554,0.144303,0.86507,0.581377,0.421105,0.737291,0.530198,0.45804,0.0239282,0.902965,0.404913,0.11213,0.282252,0.533092,0.228943,0.498557,0.948807,0.600091
1,0.252175,0.0522204,0.881688,0.36662,0.206338,0.179638,0.897458,0.848829,0.656592,0.651868,0.671425,0.727243,0.214327,0.406808,0.263345,0.888439,0.0888176,0.987806
1,0.314176,0.225148,0.62657,0.501609,0.686488,0.892984,0.241267,0.0575827,0.499765,0.446237,0.339379,0.417584,0.825765,0.772927,0.744613,0.279863,0.202819,0.637682
1,0.852623,0.601659,0.0270159,0.00883099,0.147069,0.962064,0.0490877,0.0684479,0.217013,0.16067,0.419516,0.380477,0.157756,0.789584,0.951493,0.683517,0.0544712,0.253743
1,0.841225,0.324934,0.65525,0.0439744,0.0627976,0.370235,0.716014,0.191166,0.093658,0.35021,0.858138,0.356704,0.317414,0.618533,0.463199,0.0809868,0.131967,0.390404
1,0.425617,0.984028,0.868404,0.905747,0.330085,0.356382,0.359513,0.0486867,0.33658,0.261656,0.724894,0.158162,0.26322,0.88364,0.310019,0.902003,0.879792,0.612017
1,0.993627,0.523005,0.798929,0.841538,0.745669,0.0310989,0.828187,0.168733,0.732975,0.292364,0.596795,0.352576,0.896432,0.96827,0.611854,0.392867,0.804217,0.0316999
1,0.996841,0.45752,0.79011,0.921124,0.624877,0.887696,0.137023,0.653771,0.0665094,0.556522,0.747628,0.925942,0.95052,0.941008,0.76787,0.724548,0.839793,0.179926
1,0.874513,0.692391,0.533348,0.264327,0.387874,0.150109,0.665278,0.600476,0.997172,0.0276048,0.364251,0.154547,0.790888,0.958197,0.730199,0.974003,0.912882,0.674837
1,0.547344,0.940617,0.919248,0.0532319,0.972738,0.342876,0.890909,0.644627,0.318194,0.54069,0.36039,0.439819,0.471721,0.710596,0.0638514,0.325013,0.444372,0.999655
1,0.677927,0.103584,0.261311,0.875934,0.276559,0.824333,0.0597027,0.392585,0.848495,0.899856,0.590519,0.0244803,0.122579,0.0626291,0.916449,0.959477,0.671132,0.558984
1,0.754823,0.342857,0.988781,0.530047,0.50394,0.668353,0.143071,0.283541,0.483585,0.305506,0.720637,0.704898,0.820491,0.10987,0.11437,0.965698,0.658189,0.763538
1,0.857535,0.39518,0.776484,0.856685,0.224195,0.90302,0.669577,0.373707,0.555772,0.847111,0.130306,0.435593,0.451273,0.514185,0.610469,0.312057,0.158384,0.369848
1,0.161153,0.926149,0.30972,0.821355,0.587963,0.0276801,0.257915,0.562256,0.468735,0.443925,0.878535,0.410227,0.473681,0.477524,0.34717,0.650051,0.56269,0.427225
1,0.724717,0.162776,0.204879,0.0285646,0.429453,0.549441,0.396637,0.831724,0.835167,0.80928,0.274929,0.89189,0.00671644,0.999689,0.00953005,0.00802915,0.782902,0.470492
1,0.68686,0.121835,0.716785,0.586173,0.480664,0.620982,0.165217,0.45163,0.964818,0.280846,0.0154806,0.106661,0.550966,0.457226,0.718171,0.0536016,0.928325,0.372339
1,0.401946,0.0487693,0.993734,0.65252,0.336776,0.287515,0.954549,0.657516,0.515852,0.932177,0.047367,0.615654,0.735538,0.414487,0.996006,0.221706,0.423969,0.831996
1,0.58038,0.535117,0.19102,0.287496,0.602565,0.325892,0.128332,0.142369,0.665925,0.793841,0.0224133,0.64045,0.761146,0.282374,0.686995,0.259523,0.0166322,0.44389
1,0.953892,0.319026,0.147186,0.168557,0.324569,0.558533,0.738239,0.440863,0.278164,0.758518,0.487949,0.244647,0.284429,0.428026,0.325338,0.756716,0.287461,0.403344
0,0.56783,0.944829,0.413111,0.415689,0.699838,0.206978,0.346303,0.859249,0.523672,0.286834,0.0790563,0.932947,0.641261,0.134067,0.965126,0.12422,0.552104,0.990712
1,0.44974,0.191087,0.859239,0.894408,0.636306,0.413166,0.905388,0.206392,0.937402,0.705592,0.259377,0.317979,0.00433221,0.449815,0.0498938,0.441679,0.311615,0.780121
1,0.196753,0.914178,0.00891963,0.88262,0.893571,0.397539,0.0241495,0.903143,0.593606,0.379507,0.124151,0.987686,0.312582,0.172815,0.713179,0.465404,0.515306,0.70438
1,0.128827,0.115958,0.50616,0.748754,0.652568,0.858129,0.0414399,0.692275,0.598177,0.143713,0.712722,0.562539,0.208151,0.91127,0.647641,0.329511,0.721161,0.699756
1,0.768119,0.516743,0.298101,0.0453735,0.959063,0.678892,0.21183,0.504324,0.125985,0.0390684,0.685455,0.627277,0.0744642,0.196378,0.790059,0.108334,0.141191,0.907472
1,0.587523,0.782256,0.402653,0.64276,0.138212,0.494595,0.581468,0.331185,0.768979,0.586756,0.910153,0.95116,0.169564,0.29087,0.666109,0.153432,0.874117,0.949863
1,0.243457,0.485008,0.448178,0.510842,0.735416,0.320276,0.769405,0.886461,0.954851,0.36537,0.613666,0.251382,0.491984,0.644811,0.340758,0.668509,0.544181,0.891555
1,0.718829,0.829218,0.644779,0.952155,0.920379,0.725071,0.806212,0.00339953,0.544496,0.42682,0.00557165,0.164973,0.694619,0.417354,0.39904,0.413737,0.618397,0.811817
1,0.308275,0.839349,0.94494,0.759155,0.705561,0.30163,0.0119804,0.368697,0.698873,0.394327,0.754026,0.295516,0.166236,0.3696,0.480035,0.183373,0.330471,0.855371
1,0.193119,0.794868,0.185932,0.404178,0.23402,0.333496,0.632381,0.517363,0.603269,0.32966,0.286056,0.174549,0.558248,0.339354,0.162467,0.208916,0.260999,0.643783
1,0.292883,0.290687,0.559785,0.391562,0.342184,0.184864,0.824367,0.784349,0.29988,0.320659,0.81539,0.0895177,0.398079,0.547469,0.512179,0.981814,0.109329,0.0979103
1,0.863585,0.0167156,0.550947,0.132419,0.0264005,0.793265,0.758546,0.480636,0.752105,0.00488266,0.532586,0.947906,0.573441,0.157854,0.314207,0.334342,0.649688,0.0914469
1,0.212334,0.697239,0.0973833,0.280419,0.220381,0.601515,0.802283,0.401805,0.361121,0.62753,0.234686,0.648112,0.599221,0.443711,0.0123489,0.825923,0.594634,0.406416
1,0.974382,0.138693,0.120078,0.183621,0.577093,0.363345,0.519587,0.153257,0.533517,0.0670836,0.0940384,0.677661,0.267294,0.300686,0.842173,0.942925,0.917008,0.899544
1,0.818728,0.804059,0.932293,0.106162,0.455306,0.846732,0.400992,0.195847,0.151588,0.910066,0.972228,0.259964,0.587138,0.840564,0.780018,0.66637,0.217803,0.866516
1,0.365535,0.919701,0.966048,0.445146,0.47502,0.458187,0.798202,0.347031,0.401895,0.420965,0.622295,0.362668,0.260989,0.155537,0.292292,0.241611,0.408275,0.268202
1,0.369332,0.281043,0.515331,0.533338,0.714436,0.505232,0.720215,0.253367,0.434791,0.226239,0.544805,0.99366,0.884233,0.314221,0.900643,0.176043,0.491007,0.334154
1,0.702203,0.17233,0.331111,0.017627,0.288509,0.447381,0.363959,0.0973567,0.324622,0.521793,0.779478,0.44553,0.290866,0.610645,0.638302,0.131945,0.390483,0.569823
1,0.115802,0.84583,0.281723,0.931554,0.0856539,0.835625,0.304397,0.263684,0.969492,0.699272,0.584713,0.920416,0.720655,0.382025,0.0171843,0.720767,0.338794,0.0795112
1,0.105981,0.169965,0.613117,0.699832,0.0410218,0.474245,0.942367,0.982912,0.306941,0.924294,0.658944,0.533935,0.300425,0.859507,0.410767,0.266883,0.884219,0.212263
1,0.457451,0.0609426,0.437699,0.521741,0.801961,0.442323,0.435728,0.387648,0.908905,0.0332448,0.895884,0.21382,0.389119,0.933191,0.215707,0.660153,0.0338464,0.355276
1,0.809543,0.837511,0.0734417,0.589892,0.868431,0.351131,0.389901,0.188123,0.536543,0.732256,0.00586447,0.661066,0.224211,0.842952,0.048439,0.330238,0.255728,0.56544
1,0.369924,0.987699,0.17043,0.981563,0.0687415,0.28062,0.61398,0.321236,0.543237,0.283652,0.261827,0.737222,0.77526,0.196828,0.606249,0.750256,0.0941539,0.666742
1,0.714288,0.792418,0.789954,0.906748,0.863046,0.386705,0.593317,0.881642,0.622044,0.836672,0.257204,0.459037,0.401002,0.0393134,0.591884,0.432448,0.407422,0.175843
1,0.967564,0.541932,0.133147,0.851643,0.628999,0.921785,0.772271,0.942169,0.379395,0.127011,0.476791,0.997309,0.163334,0.952149,0.819902,0.952324,0.494093,0.607461
1,0.749636,0.178136,0.428031,0.63146,0.0179626,0.859604,0.0283972,0.126187,0.922381,0.649527,0.28164,0.870704,0.64046,0.827444,0.223857,0.65047,0.799945,0.229589
0,0.641577,0.721159,0.932896,0.438172,0.375868,0.307598,0.784302,0.138538,0.89472,0.111512,0.32015,0.463734,0.965926,0.0198657,0.249852,0.253531,0.621415,0.897381
1,0.772392,0.0354511,0.101805,0.518696,0.513306,0.424213,0.270845,0.322933,0.327822,0.383812,0.690981,0.785444,0.51687,0.389953,0.109396,0.560505,0.100963,0.162589
1,0.0491052,0.13859,0.975146,0.783244,0.49455,0.944483,0.00760974,0.847889,0.583239,0.169231,0.904812,0.262854,0.900119,0.665655,0.697363,0.636616,0.0299564,0.744991
1,0.591656,0.0530595,0.0670099,0.209778,0.595623,0.887355,0.291494,0.283637,0.548213,0.620599,0.644506,0.759736,0.715822,0.192596,0.849593,0.305854,0.277056,0.403976
1,0.392271,0.548715,0.843629,0.542746,0.605669,0.904371,0.0964239,0.104498,0.443174,0.266614,0.546032,0.962229,0.286463,0.0549244,0.639004,0.668903,0.668092,0.0328853
1,0.649466,0.149245,0.686113,0.977118,0.254118,0.684611,0.437501,0.446668,0.714713,0.600233,0.0561577,0.39056,0.334897,0.267062,0.429255,0.839117,0.304012,0.82294
1,0.154122,0.46617,0.531887,0.957593,0.68229,0.922561,0.732748,0.277801,0.170463,0.130399,0.928343,0.203411,0.908138,0.2985,0.395413,0.969871,0.0543211,0.638405
1,0.373944,0.654659,0.356204,0.0417512,0.110632,0.15012,0.752128,0.873296,0.215807,0.789403,0.980836,0.11593,0.357928,0.755108,0.850052,0.979775,0.845036,0.393492
1,0.449328,0.886196,0.981363,0.494362,0.40807,0.0474858,0.80267,0.242502,0.495648,0.975109,0.360292,0.528245,0.959894,0.907571,0.774733,0.685984,0.765799,0.0182575
1,0.756745,0.893319,0.491938,0.66019,0.702381,0.240638,0.741401,0.808721,0.891886,0.24699,0.622459,0.770131,0.746746,0.669262,0.317605,0.183911,0.678791,0.530369
1,0.820365,0.477432,0.0142589,0.986932,0.305033,0.481131,0.0358905,0.918559,0.485474,0.260316,0.641472,0.018333,0.419681,0.605907,0.561536,0.117172,0.060245,0.508035
0,0.954517,0.584058,0.433498,0.334793,0.563232,0.0520032,0.420314,0.116666,0.461781,0.687034,0.84642,0.684188,0.543149,0.449517,0.283711,0.13971,0.706808,0.375444
1,0.999194,0.731115,0.111064,0.177728,0.874578,0.447123,0.537723,0.225832,0.035561,0.983255,0.785685,0.59223,0.21502,0.756028,0.681891,0.015057,0.221133,0.348743
1,0.118541,0.257232,0.779204,0.50915,0.809031,0.734984,0.793737,0.62672,0.0271844,0.252618,0.96567,0.82475,0.11623,0.435727,0.492057,0.712172,0.826376,0.64726
1,0.158742,0.698976,0.21817,0.754555,0.788412,0.483894,0.249497,0.748198,0.706366,0.186455,0.755993,0.942203,0.976134,0.764023,0.177438,0.4598,0.676835,0.757577
1,0.667364,0.0238662,0.342976,0.382893,0.762627,0.262839,0.596711,0.715502,0.00450427,0.358267,0.967503,0.156945,0.512927,0.697205,0.883171,0.909626,0.215504,0.589454
1,0.916952,0.859836,0.485101,0.948175,0.162456,0.964543,0.568948,0.483008,0.82937,0.158618,0.777147,0.274456,0.307547,0.591684,0.421466,0.52449,0.802159,0.767108
1,0.335075,0.757477,0.177105,0.944254,0.673288,0.369225,0.68014,0.257238,0.552775,0.871927,0.737961,0.777675,0.318157,0.725411,0.931643,0.4938,0.789752,0.59839
1,0.186208,0.592336,0.551264,0.204368,0.986799,0.723146,0.507673,0.204279,0.878389,0.697816,0.155372,0.51669,0.622693,0.477888,0.372796,0.82372,0.660422,0.11056
1,0.510549,0.871867,0.911617,0.715718,0.291163,0.608274,0.0736357,0.98155,0.746981,0.29774,0.819975,0.209107,0.221563,0.22206,0.835584,0.642578,0.55095,0.861889
1,0.0779064,0.851079,0.125269,0.459808,0.271712,0.0602654,0.586749,0.0100033,0.0701242,0.63502,0.926638,0.423626,0.529915,0.0578352,0.0873502,0.801823,0.517311,0.297703
0,0.624787,0.94571,0.557552,0.652853,0.481405,0.931415,0.601884,0.663665,0.24788,0.1665,0.503506,0.404041,0.680003,0.3696,0.378028,0.517706,0.627822,0.601793
1,0.488738,0.926274,0.755188,0.870332,0.915586,0.475867,0.387347,0.904465,0.135499,0.008442,0.0198753,0.0579607,0.170053,0.880713,0.230818,0.393448,0.665758,0.0102266
1,0.883768,0.65599,0.664663,0.4885,0.68674,0.0237292,0.468727,0.500727,0.172745,0.382599,0.709073,0.638894,0.458466,0.797317,0.25665,0.137699,0.514724,0.870105
1,0.89357,0.355212,0.0661326,0.254635,0.239165,0.147224,0.255414,0.868011,0.0760271,0.612871,0.58176,0.434276,0.551449,0.162819,0.657756,0.852178,0.96278,0.560292
1,0.721518,0.76443,0.847149,0.0514058,0.64974,0.235101,0.231772,0.314433,0.816677,0.176789,0.109672,0.490705,0.146894,0.469455,0.433923,0.645516,0.650624,0.959569
1,0.453813,0.582511,0.199368,0.312736,0.717742,0.194383,0.12788,0.974618,0.0145204,0.361289,0.445517,0.801277,0.796197,0.273695,0.988026,0.445251,0.454493,0.105027
1,0.0506512,0.367107,0.450753,0.73579,0.474352,0.560607,0.0846641,0.602686,0.803654,0.347907,0.712863,0.55642,0.981935,0.531348,0.963958,0.936406,0.0470844,0.876196
1,0.881713,0.271859,0.441996,0.00265232,0.731025,0.58514,0.0114192,0.3595,0.560352,0.274651,0.0336029,0.105831,0.812732,0.556078,0.552725,0.371586,0.54101,0.131549
1,0.000414013,0.648576,0.457165,0.638894,0.967981,0.793607,0.633709,0.638355,0.00800001,0.452702,0.860676,0.139453,0.228517,0.168329,0.251564,0.731434,0.479918,0.0777563
1,0.799691,0.0465555,0.651587,0.595912,0.0568422,0.879596,0.973003,0.581156,0.638399,0.336344,0.801507,0.137099,0.7816,0.736596,0.59763,0.700505,0.223417,0.300427
1,0.82796,0.0635903,0.93614,0.288064,0.350027,0.311947,0.170107,0.76392,0.129632,0.135377,0.145805,0.956308,0.396593,0.356158,0.687492,0.549132,0.717128,0.630371
1,0.384058,0.277603,0.208869,0.917033,0.590829,0.651709,0.161784,0.454723,0.197768,0.874504,0.891463,0.236647,0.451975,0.747761,0.0568861,0.544006,0.0784279,0.753764
1,0.242877,0.773687,0.261715,0.0831718,0.951414,0.20064,0.333036,0.631571,0.279319,0.538795,0.212873,0.630439,0.816731,0.0658773,0.614248,0.113025,0.14832,0.0901061
1,0.475593,0.967391,0.879768,0.744521,0.359934,0.510914,0.0690083,0.650383,0.701444,0.0542628,0.170857,0.366244,0.558112,0.680774,0.976604,0.388042,0.818446,0.30805
1,0.69773,0.280388,0.254878,0.564069,0.994651,0.813954,0.65743,0.725847,0.752569,0.585167,0.554081,0.901442,0.830789,0.303979,0.688933,0.13213,0.401461,0.678473
1,0.103936,0.573524,0.0950147,0.71987,0.419416,0.907753,0.916851,0.801225,0.765017,0.952547,0.496672,0.72135,0.723742,0.643234,0.940283,0.172638,0.500734,0.917848
1,0.350727,0.875398,0.504304,0.109313,0.422857,0.23044,0.546025,0.487096,0.972584,0.00406558,0.635061,0.447271,0.243212,0.619502,0.651337,0.772793,0.953254,0.619464
0,0.845014,0.610852,0.834904,0.446702,0.976638,0.283341,0.867055,0.109307,0.420572,0.57156,0.95654,0.564324,0.00131232,0.203449,0.409295,0.532912,0.253713,0.184222
1,0.687813,0.344774,0.824814,0.418118,0.858832,0.746062,0.873956,0.708434,0.679545,0.753364,0.239913,0.430384,0.371159,0.48524,0.331598,0.438787,0.269462,0.340467
1,0.128837,0.95453,0.68898,0.616348,0.443069,0.259431,0.832016,0.389383,0.964621,0.999536,0.950661,0.701294,0.742946,0.475039,0.499812,0.278466,0.536052,0.333134
1,0.965188,0.0434452,0.755648,0.235055,0.708973,0.0742653,0.669674,0.292062,0.389558,0.985263,0.941492,0.816325,0.608544,0.209885,0.134386,0.325439,0.605271,0.983264
1,0.133715,0.979226,0.0500651,0.79321,0.907737,0.817325,0.297732,0.544132,0.519917,0.943846,0.129048,0.243385,0.442225,0.28608,0.276593,0.514783,0.784383,0.468884
1,0.421175,0.0201875,0.363318,0.323715,0.601064,0.771488,0.560489,0.160076,0.606976,0.654645,0.78137,0.977121,0.860663,0.508372,0.0801678,0.847345,0.417181,0.685659
1,0.441664,0.198645,0.967223,0.82238,0.212541,0.85508,0.75712,0.739449,0.604185,0.411064,0.53211,0.260299,0.0813258,0.0734259,0.664074,0.373099,0.485273,0.453215
1,0.735457,0.376217,0.424699,0.707017,0.315355,0.955724,0.238355,0.235762,0.221442,0.23259,0.791294,0.946185,0.415975,0.807291,0.956681,0.108921,0.990453,0.430877
1,0.234198,0.895666,0.299828,0.125521,0.585078,0.82967,0.932096,0.915488,0.493018,0.198161,0.461419,0.471424,0.234914,0.133884,0.312282,0.397908,0.394889,0.366982
1,0.833525,0.0893573,0.884953,0.320835,0.132548,0.318772,0.156129,0.814904,0.141815,0.700394,0.875299,0.376662,0.675716,0.977332,0.011821,0.0609656,0.84211,0.284673
1,0.144198,0.913333,0.0301113,0.239701,0.169016,0.218677,0.577773,0.907804,0.909329,0.140226,0.540142,0.817774,0.200534,0.400532,0.586138,0.796112,0.4742,0.050116
1,0.929846,0.470368,0.390141,0.820759,0.435316,0.873405,0.242127,0.0150948,0.0992071,0.425655,0.511544,0.278905,0.863853,0.82154,0.918147,0.284081,0.832022,0.149193
1,0.345904,0.0120851,0.333597,0.385834,0.222416,0.547408,0.583243,0.700508,0.72569,0.0370737,0.190197,0.386882,0.810191,0.248063,0.703383,0.833706,0.873344,0.953906
1,0.24513,0.380206,0.273928,0.0259226,0.839974,0.936626,0.632205,0.962914,0.107415,0.932578,0.69663,0.751786,0.0129643,0.334098,0.831553,0.619904,0.697759,0.77444
1,0.911071,0.53628,0.565743,0.377013,0.208888,0.541106,0.9411,0.246147,0.656331,0.399044,0.416188,0.910701,0.259356,0.329601,0.469342,0.896445,0.383809,0.290736
1,0.489384,0.806055,0.606293,0.0619931,0.735519,0.275446,0.910089,0.860013,0.369611,0.785909,0.222385,0.925076,0.940056,0.464118,0.016735,0.820925,0.977265,0.689035
0,0.561778,0.959324,0.0353777,0.226162,0.280774,0.580513,0.985693,0.613749,0.226661,0.503158,0.565575,0.789564,0.71762,0.412961,0.360762,0.502212,0.0419727,0.843921
1,0.111665,0.692702,0.402023,0.858694,0.885349,0.553226,0.37015,0.697881,0.645419,0.862552,0.975103,0.857692,0.687934,0.87261,0.187485,0.427479,0.132832,0.523391
1,0.691644,0.483073,0.630996,0.398858,0.821448,0.0991035,0.0206334,0.671835,0.987329,0.491378,0.315062,0.192911,0.328366,0.926487,0.870771,0.675432,0.314472,0.0852165
1,0.331357,0.205538,0.466027,0.293224,0.755239,0.0140833,0.524179,0.534284,0.432591,0.758896,0.0399952,0.349737,0.636011,0.524884,0.908467,0.360223,0.747422,0.137607
1,0.573237,0.396548,0.446342,0.934038,0.956675,0.402433,0.947788,0.768368,0.778196,0.414296,0.177494,0.398981,0.0184645,0.899973,0.339989,0.534972,0.192404,0.199981
1,0.959302,0.343698,0.889083,0.263651,0.92926,0.597622,0.302888,0.987759,0.626767,0.207154,0.322371,0.0295512,0.951228,0.450556,0.192978,0.158342,0.573256,0.322865
1,0.947801,0.795098,0.477445,0.122181,0.177012,0.989752,0.452946,0.386276,0.905221,0.553811,0.567543,0.0918726,0.0496418,0.628905,0.371048,0.565221,0.283129,0.0464756
1,0.110818,0.334367,0.905293,0.102879,0.0659351,0.634338,0.0549303,0.329881,0.459006,0.0977692,0.603097,0.920724,0.433006,0.261797,0.21919,0.598293,0.889205,0.00445718
1,0.520978,0.436108,0.235593,0.132019,0.125237,0.291405,0.766114,0.658932,0.940007,0.0220473,0.484213,0.0160436,0.709873,0.891154,0.103697,0.0488552,0.705171,0.251568
1,0.469471,0.255339,0.287464,0.814084,0.559011,0.757465,0.500969,0.736974,0.847632,0.735603,0.199074,0.287724,0.647883,0.237037,0.051421,0.145779,0.886811,0.541569
1,0.284275,0.161383,0.1815,0.246288,0.220893,0.861615,0.530752,0.374582,0.157114,0.590104,0.0832022,0.892698,0.995164,0.399342,0.296675,0.454072,0.946803,0.569575
1,0.0309362,0.989537,0.604857,0.0759462,0.445146,0.762307,0.152026,0.346632,0.591274,0.706563,0.137814,0.0509169,0.689476,0.110358,0.385528,0.476556,0.424375,0.814522
1,0.0270948,0.526142,0.497718,0.896504,0.483844,0.742003,0.0781518,0.928038,0.345105,0.294046,0.947577,0.744657,0.788039,0.943871,0.154918,0.678989,0.857967,0.933088
0,0.78123,0.826922,0.406354,0.833845,0.365578,0.26832,0.968614,0.563184,0.293683,0.372078,0.0738793,0.130735,0.914075,0.130585,0.423131,0.695344,0.460285,0.0556497
1,0.827651,0.669827,0.0853151,0.685547,0.28571,0.781274,0.39925,0.440348,0.1027,0.818302,0.181932,0.0696794,0.268566,0.149036,0.293398,0.580914,0.937522,0.661928
1,0.730784,0.104466,0.57185,0.844459,0.846228,0.620691,0.562367,0.040843,0.396014,0.882054,0.123275,0.407743,0.0356241,0.313951,0.724187,0.485271,0.114709,0.781252
1,0.707014,0.746659,0.994755,0.0875417,0.0545943,0.030033,0.842898,0.208323,0.082887,0.392659,0.400843,0.849896,0.342299,0.984926,0.411407,0.219784,0.735655,0.948856
1,0.407446,0.0989318,0.258077,0.496045,0.0253345,0.869284,0.32032,0.855104,0.968443,0.848747,0.266779,0.766367,0.410509,0.603167,0.324741,0.263174,0.0240656,0.695676
1,0.396299,0.186962,0.910796,0.992334,0.101733,0.895132,0.964271,0.545864,0.351184,0.779268,0.419017,0.669962,0.0745719,0.708265,0.234523,0.44172,0.6381,0.612671
1,0.859811,0.125104,0.535767,0.191043,0.453512,0.103253,0.520529,0.0756243,0.643725,0.677997,0.27379,0.418693,0.467325,0.387609,0.857478,0.957464,0.0382657,0.315119
1,0.282779,0.400629,0.633953,0.15931,0.348035,0.800259,0.797377,0.94886,0.424843,0.851841,0.0317223,0.488761,0.629754,0.178982,0.0616912,0.20792,0.121385,0.426138
1,0.896684,0.849993,0.623134,0.901439,0.711938,0.915774,0.33545,0.166843,0.771159,0.841244,0.160471,0.841442,0.0913582,0.54486,0.34631,0.0664181,0.33311,0.579961
1,0.515229,0.497103,0.948604,0.0205904,0.383213,0.334449,0.432313,0.951774,0.201617,0.455883,0.854776,0.952684,0.160813,0.362339,0.500106,0.785982,0.169011,0.358037
1,0.255537,0.522,0.322253,0.4676,0.248088,0.300819,0.653596,0.591871,0.913746,0.0254958,0.0618481,0.937063,0.666993,0.614953,0.766538,0.912741,0.175676,0.462096
1,0.543127,0.21503,0.307989,0.482187,0.427861,0.20716,0.553084,0.370233,0.308971,0.201916,0.0886255,0.172479,0.849745,0.918258,0.166347,0.79038,0.957429,0.275146
1,0.703069,0.456293,0.0491598,0.213379,0.237307,0.198256,0.284613,0.893973,0.407054,0.487657,0.116854,0.440531,0.187146,0.999795,0.0278665,0.928394,0.435157,0.89306
1,0.673024,0.735643,0.855338,0.171813,0.578222,0.807348,0.360502,0.434158,0.145446,0.559503,0.745444,0.51033,0.933249,0.971044,0.401399,0.85751,0.262351,0.2152
1,0.922493,0.571848,0.820248,0.788597,0.537963,0.363818,0.738026,0.680995,0.295101,0.447422,0.7438,0.290472,0.918343,0.784773,0.889017,0.594333,0.294571,0.996622
0,0.851386,0.997759,0.580561,0.679121,0.530227,0.184133,0.400308,0.354162,0.311699,0.958506,0.675266,0.218502,0.448845,0.306672,0.625189,0.657674,0.249816,0.703758
1,0.162728,0.504645,0.656027,0.42658,0.939808,0.825156,0.349173,0.0790227,0.341372,0.242034,0.762286,0.535149,0.434683,0.634563,0.782725,0.027716,0.616586,0.33672
1,0.317633,0.743969,0.649112,0.544491,0.416503,0.776086,0.954302,0.398114,0.68792,0.181312,0.621873,0.125444,0.197768,0.160262,0.392057,0.101558,0.852994,0.460663
1,0.197924,0.109777,0.698126,0.454252,0.993736,0.525773,0.646887,0.27006,0.934843,0.213641,0.809507,0.931963,0.0948768,0.50071,0.767443,0.237058,0.567888,0.73944
1,0.724361,0.628987,0.896097,0.328722,0.19592,0.246374,0.00459014,0.45842,0.437627,0.889123,0.937325,0.183888,0.11043,0.290435,0.0950084,0.630368,0.351021,0.111642
1,0.178252,0.192319,0.736321,0.280574,0.186312,0.140274,0.407866,0.62178,0.56514,0.625201,0.679693,0.732388,0.254158,0.49474,0.0110023,0.9229,0.712096,0.270385
1,0.504633,0.387461,0.367462,0.885956,0.331908,0.324634,0.474076,0.219718,0.472325,0.0491548,0.453751,0.835208,0.601169,0.599525,0.240976,0.0170818,0.126065,0.0385492
1,0.790274,0.685443,0.288952,0.5118,0.661257,0.602833,0.891275,0.529062,0.574479,0.155311,0.113725,0.978002,0.867026,0.564495,0.300528,0.605473,0.151042,0.816871
1,0.259359,0.636146,0.0390596,0.410246,0.670431,0.226918,0.541579,0.475453,0.843927,0.470439,0.3676,0.271888,0.0428744,0.353105,0.465528,0.302191,0.895154,0.583824
0,0.939356,0.751089,0.704236,0.970551,0.642896,0.567651,0.193848,0.161619,0.482217,0.664783,0.888702,0.676711,0.933386,0.0380853,0.529168,0.0975876,0.926138,0.234214
1,0.804595,0.362367,0.115899,0.580326,0.323671,0.973989,0.860429,0.588071,0.95818,0.218349,0.915916,0.379448,0.736204,0.830642,0.455938,0.47028,0.729021,0.240821
1,0.404026,0.440176,0.810792,0.115726,0.829782,0.572615,0.688744,0.896275,0.366544,0.32671,0.40818,0.79507,0.353271,0.78101,0.484099,0.902563,0.771449,0.222228
1,0.212751,0.155878,0.643379,0.925187,0.90017,0.17164,0.0938458,0.0463792,0.835755,0.522719,0.0961259,0.500921,0.75656,0.853889,0.475632,0.993639,0.565388,0.0814179
1,0.0191499,0.604112,0.0565794,0.149923,0.371014,0.707322,0.905505,0.362358,0.806007,0.100463,0.726741,0.897271,0.890412,0.521554,0.21246,0.354114,0.532423,0.247043
1,0.617073,0.327837,0.717646,0.673914,0.6579,0.623441,0.850455,0.406606,0.35818,0.563795,0.379963,0.246001,0.316365,0.433096,0.630289,0.977044,0.199899,0.487087
1,0.666575,0.361088,0.748682,0.311102,0.0316861,0.783655,0.185786,0.640124,0.873027,0.776111,0.608696,0.369822,0.365703,0.0932899,0.00506759,0.276963,0.205699,0.43603
1,0.065922,0.309017,0.0209141,0.555102,0.748378,0.629478,0.822076,0.430754,0.785431,0.97161,0.524643,0.0011876,0.887283,0.32049,0.801109,0.829,0.808458,0.500217
1,0.76355,0.566536,0.805273,0.502555,0.078713,0.58969,0.712578,0.379268,0.0329232,0.418419,0.000497923,0.226376,0.765783,0.701267,0.720803,0.663945,0.0615653,0.318909
1,0.261961,0.80386,0.214897,0.810797,0.545249,0.133506,0.106241,0.493509,0.93134,0.656863,0.683598,0.581429,0.872958,0.250007,0.729482,0.124725,0.0979599,0.0223374
1,0.307705,0.0107792,0.142898,0.273655,0.0990105,0.841613,0.959156,0.417963,0.41161,0.596815,0.395218,0.568227,0.347068,0.0826773,0.994381,0.203897,0.688989,0.0944902
1,0.0433905,0.00192209,0.420096,0.74387,0.767606,0.0208046,0.274167,0.599847,0.0636706,0.307,0.344583,0.619306,0.574563,0.0495028,0.633647,0.338565,0.468065,0.181158
1,0.545734,0.207817,0.35393,0.477163,0.927125,0.393286,0.813237,0.759658,0.386056,0.0699478,0.72113,0.587641,0.69813,0.0102106,0.132105,0.0106689,0.134106,0.405786
1,0.169287,0.42832,0.279006,0.529495,0.231878,0.720897,0.258681,0.6937,0.324501,0.945706,0.0464338,0.695799,0.0861719,0.93015,0.558785,0.94519,0.774521,0.858759
1,0.902179,0.242807,0.15059,0.671245,0.20174,0.494233,0.699953,0.992705,0.502457,0.823624,0.559883,0.854714,0.616452,0.659111,0.542818,0.402036,0.97844,0.493382
1,0.0776299,0.288555,0.469657,0.364508,0.694841,0.179016,0.89597,0.934383,0.699366,0.639331,0.50745,0.665133,0.382491,0.623365,0.896644,0.349197,0.723714,0.280012
1,0.976213,0.560933,0.478121,0.526266,0.75762,0.967341,0.0428218,0.840235,0.663999,0.0581764,0.672183,0.311557,0.59266,0.139145,0.864585,0.767072,0.580635,0.482022
1,0.341851,0.394278,0.200252,0.865861,0.275919,0.0698513,0.838612,0.464118,0.453835,0.546629,0.0225112,0.120494,0.790499,0.214793,0.8229,0.409229,0.441406,0.257675
1,0.0137216,0.166875,0.722745,0.889964,0.265574,0.128593,0.422669,0.572336,0.864604,0.0650324,0.139808,0.830257,0.00818385,0.674801,0.351458,0.0555125,0.341569,0.514525
1,0.869089,0.296547,0.186783,0.00868583,0.518785,0.565677,0.214467,0.193764,0.667598,0.748035,0.443655,0.966875,0.501735,0.716451,0.670164,0.191352,0.164485,0.0617243
1,0.601271,0.819746,0.386938,0.350453,0.935542,0.689324,0.225004,0.12852,0.855853,0.580846,0.754419,0.613355,0.0315658,0.489381,0.575038,0.691913,0.970933,0.903415
1,0.218493,0.938534,0.318872,0.356052,0.386879,0.655868,0.343528,0.333459,0.524499,0.314127,0.991512,0.596848,0.752242,0.515422,0.733465,0.222563,0.916947,0.218585
1,0.457641,0.0821381,0.524093,0.185385,0.634563,0.71508,0.879807,0.718923,0.759477,0.937703,0.227864,0.454189,0.325995,0.728359,0.756271,0.19605,0.38021,0.729447
0,0.740677,0.621174,0.961412,0.0497501,0.947234,0.95336,0.515263,0.122214,0.571543,0.497678,0.770824,0.601523,0.946707,0.0710945,0.362984,0.0882174,0.287183,0.883087
1,0.55615,0.554926,0.927009,0.732911,0.650768,0.251788,0.934305,0.155318,0.288734,0.629526,0.836605,0.575441,0.70245,0.09618,0.520316,0.861819,0.783295,0.855445
1,0.814987,0.303074,0.710153,0.0958621,0.180507,0.119832,0.693659,0.970824,0.813124,0.0863399,0.470921,0.609181,0.0613858,0.00313883,0.600115,0.41423,0.833699,0.574378
1,0.464012,0.905179,0.149596,0.876315,0.83445,0.163387,0.824934,0.0986689,0.529503,0.0125165,0.861723,0.413369,0.192868,0.791477,0.87662,0.321976,0.5462,0.784468
1,0.207453,0.0555608,0.795827,0.699586,0.400475,0.110273,0.675865,0.821393,0.319897,0.429169,0.593978,0.0394815,0.487242,0.965149,0.482139,0.00538083,0.0129639,0.922739
1,0.0958439,0.599653,0.874726,0.762919,0.0926356,0.0377488,0.72328,0.0651039,0.995049,0.860192,0.3655,0.710586,0.878527,0.934265,0.710598,0.267106,0.187127,0.799262
1,0.427646,0.832928,0.576535,0.842836,0.115335,0.519893,0.607564,0.57041,0.0507628,0.920608,0.425615,0.723467,0.665865,0.849259,0.0428459,0.874012,0.229394,0.0164125
1,0.875665,0.312923,0.813808,0.0296662,0.825211,0.340529,0.846591,0.147462,0.980027,0.352513,0.999942,0.00752958,0.52229,0.949343,0.646118,0.995579,0.0204061,0.474283
1,0.200468,0.510135,0.344513,0.760132,0.727248,0.411025,0.806557,0.180774,0.652897,0.0726351,0.585522,0.63396,0.24602,0.911178,0.713322,0.232432,0.178703,0.726348
1,0.275036,0.406523,0.776124,0.965567,0.611584,0.453596,0.766747,0.401093,0.0889034,0.377249,0.536599,0.331558,0.561674,0.0871585,0.452882,0.986304,0.306188,0.152565
1,0.125249,0.722579,0.731431,0.139322,0.505955,0.460411,0.442458,0.340473,0.44855,0.913162,0.102903,0.19641,0.801176,0.654865,0.840764,0.554781,0.902596,0.966273
1,0.224619,0.0732257,0.951611,0.428716,0.811955,0.503205,0.413279,0.0604262,0.11206,0.0831973,0.187195,0.0983557,0.656067,0.222436,0.148918,0.764459,0.813259,0.907834
1,0.538558,0.412479,0.765268,0.775908,0.456638,0.515334,0.115124,0.647429,0.616529,0.992291,0.164827,0.911713,0.0231361,0.0164557,0.911278,0.940107,0.239711,0.411333
1,0.985568,0.234807,0.244698,0.600457,0.618656,0.329241,0.703266,0.861683,0.718416,0.107294,0.338675,0.623586,0.294552,0.421098,0.0351773,0.888213,0.0698347,0.915145
1,0.303675,0.613092,0.546511,0.570221,0.0137023,0.798113,0.35449,0.511006,0.689538,0.923341,0.457981,0.651524,0.497469,0.374783,0.798285,0.963463,0.642204,0.553669
1,0.0571525,0.153102,0.670906,0.647331,0.34214,0.661122,0.0635673,0.035983,0.04568,0.475047,0.573015,0.214444,0.0693618,0.539912,0.203953,0.163375,0.644607,0.940935
1,0.677813,0.643597,0.859218,0.693635,0.50192,0.040029,0.627387,0.886781,0.630141,0.433754,0.479836,0.343762,0.119498,0.768751,0.904195,0.727212,0.143294,0.710343
1,0.433612,0.0704711,0.396886,0.535217,0.00397386,0.6473,0.862048,0.231757,0.791471,0.0908755,0.988358,0.0828908,0.491679,0.233283,0.67688,0.0791067,0.321355,0.117859
1,0.0363011,0.815713,0.86475,0.198484,0.467957,0.373931,0.927327,0.796815,0.584406,0.23491,0.812185,0.318824,0.208368,0.684942,0.951587,0.509948,0.942886,0.385212
1,0.323439,0.487998,0.680603,0.222154,0.152413,0.534557,0.147748,0.995374,0.257312,0.815221,0.209251,0.0769267,0.584152,0.811294,0.44758,0.0443975,0.00803964,0.194188
1,0.630683,0.221762,0.783808,0.833051,0.793031,0.174265,0.720535,0.685132,0.953773,0.895361,0.285696,0.474953,0.153841,0.648685,0.999155,0.0375692,0.985053,0.159375
1,0.650346,0.973835,0.0904756,0.164428,0.040273,0.344459,0.120275,0.772744,0.194194,0.148272,0.252729,0.716264,0.262768,0.244273,0.925576,0.613216,0.291551,0.96719
1,0.498655,0.416997,0.118568,0.390033,0.462489,0.156874,0.314096,0.551446,0.822955,0.902438,0.652826,0.810051,0.142786,0.802212,0.027193,0.343606,0.91322,0.79043
1,0.091349,0.130478,0.166375,0.402371,0.803851,0.837443,0.663832,0.82632,0.255108,0.727156,0.298036,0.0233797,0.392397,0.739087,0.508102,0.812871,0.930297,0.936068
1,0.864878,0.710434,0.9208,0.304012,0.964132,0.698496,0.307317,0.019251,0.302058,0.0434152,0.0710861,0.3611,0.133086,0.580487,0.523823,0.608569,0.160936,0.837637
1,0.292954,0.86172,0.540436,0.607324,0.0344452,0.298752,0.488501,0.786494,0.237164,0.90949,0.842224,0.334342,0.175898,0.184236,0.143455,0.212444,0.394129,0.495208
1,0.595812,0.966107,0.509407,0.662545,0.122212,0.984212,0.491054,0.0710694,0.126104,0.302333,0.089746,0.546771,0.278753,0.443169,0.0731114,0.0329676,0.561098,0.804014
1,0.145486,0.317874,0.379603,0.154723,0.572046,0.212796,0.457151,0.0850219,0.887067,0.400804,0.427983,0.15412,0.0526576,0.0275543,0.167271,0.920643,0.58655,0.660492
0,0.526239,0.910273,0.990928,0.722765,0.139831,0.640029,0.0249061,0.956953,0.187313,0.769576,0.703464,0.989132,0.895999,0.555508,0.938742,0.378866,0.360231,0.644024
1,0.379486,0.113463,0.585678,0.257807,0.920813,0.669801,0.617307,0.27416,0.729678,0.670572,0.300976,0.0636764,0.84027,0.992424,0.746481,0.18005,0.909602,0.62439
1,0.176704,0.120845,0.592873,0.617757,0.797762,0.471482,0.378551,0.922885,0.742861,0.804032,0.0165141,0.780588,0.967054,0.104963,0.181093,0.255584,0.349021,0.54814
1,0.990213,0.29413,0.315343,0.994682,0.777906,0.122745,0.180823,0.781011,0.598116,0.712802,0.879842,0.254184,0.423446,0.538774,0.127578,0.721181,0.99679,0.418022
1,0.067202,0.788568,0.611721,0.269699,0.741784,0.441698,0.0593325,0.835951,0.11986,0.717243,0.341004,0.322744,0.134245,0.722111,0.0693934,0.316077,0.744263,0.441687
1,0.356096,0.515989,0.0047398,0.0682945,0.260225,0.0781154,0.361519,0.215576,0.737513,0.271033,0.89492,0.0353481,0.599339,0.902288,0.579258,0.0919022,0.44609,0.829
1,0.532254,0.265167,0.156848,0.638189,0.895853,0.464151,0.219335,0.789061,0.797245,0.510243,0.521727,0.878088,0.277359,0.425738,0.261468,0.880327,0.376963,0.0395402
0,0.582796,0.770086,0.333053,0.0348034,0.307772,0.680384,0.174043,0.263835,0.374413,0.330181,0.910594,0.552673,0.479588,0.406325,0.743248,0.243003,0.0834289,0.399201
1,0.634628,0.662048,0.7438,0.914465,0.490852,0.0859072,0.262864,0.731368,0.228145,0.574328,0.332446,0.478232,0.505588,0.177453,0.547972,0.585151,0.334523,0.991407
1,0.550843,0.086129,0.078132,0.577491,0.074318,0.063833,0.888078,0.050672,0.165536,0.442086,0.79626,0.645897,0.621261,0.111843,0.305931,0.417176,0.324671,0.265262
1,0.788494,0.230992,0.0224941,0.466602,0.622439,0.529507,0.0469439,0.0266989,0.917683,0.741759,0.374647,0.305814,0.302609,0.566711,0.442974,0.748923,0.688402,0.719064
1,0.754035,0.928693,0.19183,0.228663,0.777685,0.498039,0.915909,0.515994,0.0884462,0.463749,0.666269,0.866318,0.123384,0.857424,0.811279,0.707684,0.00021936,0.171943
1,0.584214,0.225139,0.957037,0.181474,0.551417,0.753716,0.141611,0.46703,0.992255,0.806604,0.871476,0.18331,0.923765,0.0317365,0.268489,0.889619,0.623925,0.809602
1,0.612265,0.529243,0.515484,0.76766,0.539267,0.700274,0.326517,0.197604,0.181003,0.0312337,0.237762,0.872289,0.728343,0.69386,0.786435,0.289,0.882265,0.845723
1,0.361611,0.918896,0.224247,0.135829,0.29989,0.0944031,0.126268,0.29851,0.47021,0.530885,0.490437,0.166726,0.181396,0.117257,0.155744,0.569146,0.235194,0.984103
1,0.269855,0.323268,0.985231,0.88258,0.0496393,0.978335,0.997519,0.0928995,0.15184,0.694277,0.291536,0.084096,0.0594235,0.775443,0.279116,0.153294,0.861603,0.123985
1,0.771028,0.682109,0.941547,0.346063,0.575197,0.414306,0.992276,0.413768,0.775061,0.513346,0.204746,0.985762,0.852368,0.885126,0.0911555,0.626671,0.509749,0.448422
1,0.231409,0.14246,0.711387,0.298263,0.396479,0.396045,0.377559,0.302879,0.94525,0.832533,0.245317,0.511822,0.101441,0.576844,0.789554,0.49812,0.11046,0.516722
0,0.84282,0.877839,0.266809,0.584363,0.161049,0.676496,0.782776,0.30658,0.672788,0.885593,0.220332,0.304689,0.655297,0.153824,0.944977,0.736424,0.596704,0.713909
1,0.411579,0.244818,0.00962332,0.930991,0.893705,0.432174,0.205435,0.519931,0.208262,0.227348,0.616092,0.524889,0.83413,0.343807,0.536058,0.75707,0.361516,0.677736
1,0.083972,0.701632,0.413507,0.342601,0.319874,0.731063,0.19639,0.559004,0.337884,0.319711,0.824242,0.542972,0.387691,0.837398,0.118074,0.478705,0.523861,0.355377
1,0.298076,0.427444,0.67486,0.441125,0.0102473,0.611472,0.207812,0.141454,0.515505,0.962352,0.727905,0.744073,0.569558,0.862871,0.977891,0.298733,0.428299,0.382302
1,0.980465,0.447995,0.230381,0.627197,0.881181,0.941463,0.280823,0.831134,0.50946,0.540724,0.921178,0.147869,0.582667,0.87083,0.208059,0.780206,0.755097,0.0683731
1,0.430431,0.177285,0.239769,0.560154,0.135386,0.000475501,0.446532,0.250571,0.0173167,0.121891,0.658468,0.679451,0.290855,0.12636,0.569393,0.169524,0.497823,0.20202
1,0.571211,0.711134,0.83073,0.804768,0.524933,0.437185,0.136692,0.498262,0.853208,0.520451,0.596733,0.354751,0.472349,0.256889,0.755501,0.248116,0.415337,0.206784
0,0.937126,0.673382,0.619243,0.367532,0.852842,0.00889915,0.496173,0.753665,0.242608,0.672541,0.631908,0.165891,0.985802,0.325517,0.806718,0.0681217,0.871482,0.88656
1,0.31415,0.622477,0.372825,0.057525,0.389516,0.846466,0.101838,0.00029559,0.0433262,0.339849,0.0539103,0.295978,0.535781,0.95885,0.8883,0.744244,0.369118,0.365371
1,0.192701,0.452387,0.30265,0.0150518,0.694187,0.996129,0.64227,0.610011,0.27355,0.606164,0.390183,0.498682,0.375233,0.283255,0.621063,0.0733185,0.072947,0.976104
1,0.657136,0.489375,0.133713,0.41195,0.0877797,0.356289,0.480204,0.029678,0.400102,0.280546,0.384117,0.885948,0.768482,0.459479,0.334482,0.573002,0.610183,0.737706
0,0.915894,0.84272,0.518947,0.0906217,0.336981,0.893576,0.978703,0.674868,0.263398,0.798108,0.353546,0.0447959,0.9909,0.347027,0.512499,0.810549,0.593332,0.142565
1,0.4786,0.941185,0.769245,0.950776,0.189406,0.112743,0.745645,0.527096,0.870987,0.193103,0.829563,0.101506,0.548878,0.381966,0.198811,0.867108,0.461632,0.652817
1,0.00779256,0.779287,0.867468,0.70482,0.983282,0.420303,0.710612,0.174746,0.267685,0.761134,0.436714,0.690132,0.825133,0.981656,0.113193,0.364799,0.201469,0.536535
1,0.608075,0.0315555,0.598264,0.794771,0.14568,0.378183,0.461948,0.425291,0.0573964,0.480938,0.307816,0.231638,0.464152,0.583558,0.969365,0.464331,0.760344,0.762439
